Invoice Id,Branch,City,Customer Type,Gender,Product Line,Unit Price,Quantity,Sales,Date,Time,Payment,Cost of Goods saled,Gross Income,Rating,Day,Month,Year,Satisfaction
765-26-6951,Alex,Yangon,Member,Female,Sports And Travel,72.61,6,457.443,1/1/2019,10:39:00 AM,Credit Card,435.66,21.783,6.9,Tuesday,January,00:00.0,not Satisfied
746-04-1077,Cairo,Mandalay,Member,Female,Food And Beverages,84.63,10,888.615,1/1/2019,11:36:00 AM,Credit Card,846.3,42.315,9,Tuesday,January,00:00.0,Satisfied
271-77-8740,Giza,Naypyitaw,Member,Female,Sports And Travel,29.22,6,184.086,1/1/2019,11:40:00 AM,E-Wallet,175.32,8.766,5,Tuesday,January,00:00.0,not Satisfied
133-14-7229,Giza,Naypyitaw,Normal,Male,Health And Beauty,62.87,2,132.027,1/1/2019,11:43:00 AM,Cash,125.74,6.287,5,Tuesday,January,00:00.0,not Satisfied
651-88-7328,Alex,Yangon,Normal,Female,Fashion Accessories,65.74,9,621.243,1/1/2019,1:55:00 PM,Cash,591.66,29.583,7.7,Tuesday,January,00:00.0,Satisfied
416-17-9926,Alex,Yangon,Member,Female,Electronic Accessories,74.22,10,779.31,1/1/2019,2:42:00 PM,Credit Card,742.2,37.11,4.3,Tuesday,January,00:00.0,not Satisfied
530-90-9855,Alex,Yangon,Member,Male,Home And Lifestyle,47.59,8,399.756,1/1/2019,2:47:00 PM,Cash,380.72,19.036,5.7,Tuesday,January,00:00.0,not Satisfied
556-97-7101,Giza,Naypyitaw,Normal,Female,Electronic Accessories,63.22,2,132.762,1/1/2019,3:51:00 PM,Cash,126.44,6.322,8.5,Tuesday,January,00:00.0,Satisfied
891-01-7034,Cairo,Mandalay,Normal,Female,Electronic Accessories,74.71,6,470.673,1/1/2019,7:07:00 PM,Cash,448.26,22.413,6.7,Tuesday,January,00:00.0,not Satisfied
770-42-8960,Cairo,Mandalay,Normal,Male,Food And Beverages,21.12,8,177.408,1/1/2019,7:31:00 PM,Cash,168.96,8.448,6.3,Tuesday,January,00:00.0,not Satisfied
493-65-6248,Giza,Naypyitaw,Member,Female,Sports And Travel,36.98,10,388.29,1/1/2019,7:48:00 PM,Credit Card,369.8,18.49,7,Tuesday,January,00:00.0,Satisfied
182-52-7000,Alex,Yangon,Member,Female,Sports And Travel,27.04,4,113.568,1/1/2019,8:26:00 PM,E-Wallet,108.16,5.408,6.9,Tuesday,January,00:00.0,not Satisfied
244-08-0162,Cairo,Mandalay,Normal,Female,Health And Beauty,34.21,10,359.205,1/2/2019,1:00:00 PM,Cash,342.1,17.105,5.1,Wednesday,January,00:00.0,not Satisfied
198-84-7132,Cairo,Mandalay,Member,Male,Fashion Accessories,40.61,9,383.7645,1/2/2019,1:40:00 PM,Cash,365.49,18.2745,7,Wednesday,January,00:00.0,Satisfied
712-39-0363,Alex,Yangon,Member,Male,Food And Beverages,41.66,6,262.458,1/2/2019,3:24:00 PM,E-Wallet,249.96,12.498,5.6,Wednesday,January,00:00.0,not Satisfied
345-68-9016,Giza,Naypyitaw,Member,Female,Sports And Travel,31.67,8,266.028,1/2/2019,4:19:00 PM,Credit Card,253.36,12.668,5.6,Wednesday,January,00:00.0,not Satisfied
504-35-8843,Alex,Yangon,Member,Female,Sports And Travel,42.47,1,44.5935,1/2/2019,4:57:00 PM,Cash,42.47,2.1235,5.7,Wednesday,January,00:00.0,not Satisfied
446-47-6729,Giza,Naypyitaw,Normal,Male,Fashion Accessories,99.82,2,209.622,1/2/2019,6:09:00 PM,Credit Card,199.64,9.982,6.7,Wednesday,January,00:00.0,not Satisfied
744-09-5786,Cairo,Mandalay,Normal,Male,Electronic Accessories,22.01,6,138.663,1/2/2019,6:50:00 PM,Cash,132.06,6.603,7.6,Wednesday,January,00:00.0,Satisfied
670-71-7306,Cairo,Mandalay,Normal,Male,Sports And Travel,44.63,6,281.169,1/2/2019,8:08:00 PM,Credit Card,267.78,13.389,5.1,Wednesday,January,00:00.0,not Satisfied
343-87-0864,Giza,Naypyitaw,Member,Male,Health And Beauty,75.88,1,79.674,1/3/2019,10:30:00 AM,Credit Card,75.88,3.794,7.1,Thursday,January,00:00.0,Satisfied
249-42-3782,Alex,Yangon,Normal,M,Health And Beauty,70.01,5,367.5525,1/3/2019,11:36:00 AM,E-Wallet,350.05,17.5025,5.5,Thursday,January,00:00.0,not Satisfied
749-24-1565,Alex,Yangon,Normal,Female,Health And Beauty,23.03,9,217.6335,1/3/2019,12:02:00 PM,E-Wallet,207.27,10.3635,7.9,Thursday,January,00:00.0,Satisfied
875-31-8302,Cairo,Mandalay,Normal,Male,Sports And Travel,93.38,1,98.049,1/3/2019,1:07:00 PM,Cash,93.38,4.669,9.6,Thursday,January,00:00.0,Satisfied
422-29-8786,Alex,Yangon,Normal,Female,Home And Lifestyle,67.09,5,352.2225,1/3/2019,4:47:00 PM,Credit Card,335.45,16.7725,9.1,Thursday,January,00:00.0,Satisfied
552-44-5977,Cairo,Mandalay,Member,Male,Health And Beauty,62,8,520.8,1/3/2019,7:08:00 PM,Credit Card,496,24.8,6.2,Thursday,January,00:00.0,not Satisfied
687-15-1097,Giza,Naypyitaw,Member,Female,Health And Beauty,21.12,2,44.352,1/3/2019,7:17:00 PM,Cash,42.24,2.112,9.7,Thursday,January,00:00.0,Satisfied
501-61-1753,Cairo,Mandalay,Normal,Female,Home And Lifestyle,63.15,6,397.845,1/3/2019,8:24:00 PM,E-Wallet,378.9,18.945,9.8,Thursday,January,00:00.0,Satisfied
132-23-6451,Alex,Yangon,Member,Male,Health And Beauty,20.97,5,110.0925,1/4/2019,1:21:00 PM,Cash,104.85,5.2425,7.8,Friday,January,00:00.0,Satisfied
656-16-1063,Cairo,Mandalay,Normal,Male,Sports And Travel,46.42,3,146.223,1/4/2019,1:24:00 PM,Credit Card,139.26,6.963,4.4,Friday,January,00:00.0,not Satisfied
731-14-2199,Alex,Yangon,Member,Female,Home And Lifestyle,35.54,10,373.17,1/4/2019,1:34:00 PM,E-Wallet,355.4,17.77,7,Friday,January,00:00.0,Satisfied
672-51-8681,Giza,Naypyitaw,Member,Female,Electronic Accessories,66.65,9,629.8425,1/4/2019,6:19:00 PM,Credit Card,599.85,29.9925,9.7,Friday,January,00:00.0,Satisfied
725-32-9708,Cairo,Mandalay,Member,Female,Fashion Accessories,68.71,4,288.582,1/4/2019,7:01:00 PM,Cash,274.84,13.742,4.1,Friday,January,00:00.0,not Satisfied
279-74-2924,Cairo,Mandalay,Member,Male,Electronic Accessories,72.17,1,75.7785,1/4/2019,7:40:00 PM,Cash,72.17,3.6085,6.1,Friday,January,00:00.0,not Satisfied
217-58-1179,Alex,Yangon,Member,Male,Home And Lifestyle,62.65,4,263.13,1/5/2019,11:25:00 AM,Cash,250.6,12.53,4.2,Saturday,January,00:00.0,not Satisfied
339-12-4827,Cairo,Mandalay,Member,Female,Fashion Accessories,73.96,1,77.658,1/5/2019,11:32:00 AM,Credit Card,73.96,3.698,5,Saturday,January,00:00.0,not Satisfied
489-82-1237,Alex,Yangon,Normal,Female,Electronic Accessories,93.88,7,690.018,1/5/2019,11:51:00 AM,Credit Card,657.16,32.858,7.3,Saturday,January,00:00.0,Satisfied
573-98-8548,Giza,Naypyitaw,Member,Female,Fashion Accessories,31.9,1,33.495,1/5/2019,12:40:00 PM,E-Wallet,31.9,1.595,9.1,Saturday,January,00:00.0,Satisfied
750-67-8428,Alex,Yangon,Member,Female,Health And Beauty,74.69,7,548.9715,1/5/2019,1:08:00 PM,E-Wallet,522.83,26.1415,9.1,Saturday,January,00:00.0,Satisfied
144-51-6085,Alex,Yangon,Member,Male,Home And Lifestyle,70.74,4,297.108,1/5/2019,4:05:00 PM,Credit Card,282.96,14.148,4.4,Saturday,January,00:00.0,not Satisfied
209-61-0206,Alex,Yangon,Normal,Female,Home And Lifestyle,42.91,5,225.2775,1/5/2019,5:29:00 PM,E-Wallet,214.55,10.7275,6.1,Saturday,January,00:00.0,not Satisfied
433-08-7822,Giza,Naypyitaw,Normal,Female,Health And Beauty,78.89,7,579.8415,1/5/2019,7:48:00 PM,E-Wallet,552.23,27.6115,7.5,Saturday,January,00:00.0,Satisfied
843-01-4703,Cairo,Mandalay,Member,Female,Home And Lifestyle,35.38,9,334.341,1/5/2019,7:50:00 PM,Credit Card,318.42,15.921,9.6,Saturday,January,00:00.0,Satisfied
801-88-0346,Giza,Naypyitaw,Normal,Female,Fashion Accessories,76.06,3,239.589,1/5/2019,8:30:00 PM,Credit Card,228.18,11.409,9.8,Saturday,January,00:00.0,Satisfied
841-18-8232,Cairo,Mandalay,Normal,Female,Food And Beverages,71.2,1,74.76,1/5/2019,8:40:00 PM,Credit Card,71.2,3.56,9.2,Saturday,January,00:00.0,Satisfied
628-34-3388,Giza,Naypyitaw,Member,Female,Fashion Accessories,27.38,6,172.494,1/5/2019,8:54:00 PM,Credit Card,164.28,8.214,7.9,Saturday,January,00:00.0,Satisfied
490-29-1201,Alex,Yangon,Normal,Female,Sports And Travel,15.34,1,16.107,1/6/2019,11:09:00 AM,Cash,15.34,0.767,6.5,Sunday,January,00:00.0,not Satisfied
729-06-2010,Cairo,Mandalay,Member,Male,Health And Beauty,80.47,9,760.4415,1/6/2019,11:18:00 AM,Cash,724.23,36.2115,9.2,Sunday,January,00:00.0,Satisfied
704-11-6354,Alex,Yangon,Member,Male,Home And Lifestyle,58.9,8,494.76,1/6/2019,11:23:00 AM,Cash,471.2,23.56,8.9,Sunday,January,00:00.0,Satisfied
846-10-0341,Alex,Yangon,Normal,Female,Fashion Accessories,42.57,7,312.8895,1/6/2019,11:51:00 AM,Cash,297.99,14.8995,6.8,Sunday,January,00:00.0,not Satisfied
834-25-9262,Giza,Naypyitaw,Normal,Female,Fashion Accessories,81.68,4,343.056,1/6/2019,12:12:00 PM,Cash,326.72,16.336,9.1,Sunday,January,00:00.0,Satisfied
393-65-2792,Giza,Naypyitaw,Member,Female,Food And Beverages,89.48,10,1342.2,1/6/2019,12:46:00 PM,Credit Card,894.8,44.74,9.6,Sunday,January,00:00.0,Satisfied
852-82-2749,Alex,Yangon,Normal,Male,Sports And Travel,64.59,4,271.278,1/6/2019,1:35:00 PM,E-Wallet,258.36,12.918,9.3,Sunday,January,00:00.0,Satisfied
662-72-2873,Alex,Yangon,Normal,Female,Food And Beverages,40.94,5,214.935,1/6/2019,1:58:00 PM,E-Wallet,204.7,10.235,9.9,Sunday,January,00:00.0,Satisfied
826-58-8051,Cairo,Mandalay,Normal,Male,Home And Lifestyle,62.19,4,261.198,1/6/2019,7:46:00 PM,E-Wallet,248.76,12.438,4.3,Sunday,January,00:00.0,not Satisfied
126-54-1082,Alex,Yangon,Member,Female,Home And Lifestyle,21.54,9,203.553,1/7/2019,11:44:00 AM,Credit Card,193.86,9.693,8.8,Monday,January,00:00.0,Satisfied
541-48-8554,Alex,Yangon,Normal,Male,Sports And Travel,60.95,9,575.9775,1/7/2019,12:08:00 PM,Credit Card,548.55,27.4275,6,Monday,January,00:00.0,not Satisfied
889-04-9723,Cairo,Mandalay,Member,Female,Food And Beverages,89.14,4,374.388,1/7/2019,12:20:00 PM,Credit Card,356.56,17.828,7.8,Monday,January,00:00.0,Satisfied
232-16-2483,Giza,Naypyitaw,Member,Female,Sports And Travel,68.12,1,71.526,1/7/2019,12:28:00 PM,E-Wallet,68.12,3.406,6.8,Monday,January,00:00.0,not Satisfied
390-31-6381,Giza,Naypyitaw,Normal,Male,Food And Beverages,27.22,3,85.743,1/7/2019,12:37:00 PM,Cash,81.66,4.083,7.3,Monday,January,00:00.0,Satisfied
109-28-2512,Cairo,Mandalay,Member,Female,Fashion Accessories,97.61,6,761.358,1/7/2019,3:01:00 PM,E-Wallet,585.66,29.283,9.9,Monday,January,00:00.0,Satisfied
799-71-1548,Alex,Yangon,Member,Male,Electronic Accessories,77.72,4,326.424,1/7/2019,4:11:00 PM,Credit Card,310.88,15.544,8.8,Monday,January,00:00.0,Satisfied
526-86-8552,Giza,Naypyitaw,Member,Female,Home And Lifestyle,21.82,10,229.11,1/7/2019,5:36:00 PM,Cash,218.2,10.91,7.1,Monday,January,00:00.0,Satisfied
566-19-5475,Cairo,Mandalay,Normal,Male,Fashion Accessories,47.97,7,352.5795,1/7/2019,8:52:00 PM,Cash,335.79,16.7895,6.2,Monday,January,00:00.0,not Satisfied
442-44-6497,Giza,Naypyitaw,Member,Male,Home And Lifestyle,55.57,3,175.0455,1/8/2019,11:42:00 AM,Credit Card,166.71,8.3355,5.9,Tuesday,January,00:00.0,not Satisfied
767-97-4650,Cairo,Mandalay,Member,Female,Sports And Travel,64.83,2,136.143,1/8/2019,11:59:00 AM,Credit Card,129.66,6.483,8,Tuesday,January,00:00.0,Satisfied
387-49-4215,Cairo,Mandalay,Member,Female,Sports And Travel,48.5,3,152.775,1/8/2019,12:50:00 PM,Cash,145.5,7.275,6.7,Tuesday,January,00:00.0,not Satisfied
241-96-5076,Cairo,Mandalay,Member,Female,Home And Lifestyle,49.1,2,103.11,1/8/2019,12:58:00 PM,Credit Card,98.2,4.91,6.4,Tuesday,January,00:00.0,not Satisfied
674-15-9296,Alex,Yangon,Normal,Male,Sports And Travel,37.14,5,194.985,1/8/2019,1:05:00 PM,E-Wallet,185.7,9.285,5,Tuesday,January,00:00.0,not Satisfied
750-57-9686,Giza,Naypyitaw,Normal,Female,Home And Lifestyle,45.38,4,190.596,1/8/2019,1:48:00 PM,Credit Card,181.52,9.076,8.7,Tuesday,January,00:00.0,Satisfied
192-98-7397,Giza,Naypyitaw,Normal,Male,Fashion Accessories,12.78,1,13.419,1/8/2019,2:11:00 PM,E-Wallet,12.78,0.639,9.5,Tuesday,January,00:00.0,Satisfied
490-95-0021,Cairo,Mandalay,Member,Female,Food And Beverages,33.21,10,348.705,1/8/2019,2:25:00 PM,E-Wallet,332.1,16.605,6,Tuesday,January,00:00.0,not Satisfied
124-31-1458,Alex,Yangon,Member,Female,Electronic Accessories,79.59,3,250.7085,1/8/2019,2:30:00 PM,Cash,238.77,11.9385,6.6,Tuesday,January,00:00.0,not Satisfied
663-86-9076,Giza,Naypyitaw,Member,Female,Food And Beverages,68.54,8,575.736,1/8/2019,3:57:00 PM,E-Wallet,548.32,27.416,8.5,Tuesday,January,00:00.0,Satisfied
189-08-9157,Giza,Naypyitaw,Member,Female,Fashion Accessories,31.73,9,299.8485,1/8/2019,4:17:00 PM,Credit Card,285.57,14.2785,5.9,Tuesday,January,00:00.0,not Satisfied
257-60-7754,Alex,Yangon,Normal,Female,Electronic Accessories,50.23,4,210.966,1/8/2019,5:12:00 PM,Cash,200.92,10.046,9,Tuesday,January,00:00.0,Satisfied
840-76-5966,Alex,Yangon,Member,Male,Sports And Travel,12.76,2,26.796,1/8/2019,6:06:00 PM,E-Wallet,25.52,1.276,7.8,Tuesday,January,00:00.0,Satisfied
457-13-1708,Cairo,Mandalay,Member,Male,Fashion Accessories,65.23,10,684.915,1/8/2019,7:07:00 PM,Credit Card,652.3,32.615,5.2,Tuesday,January,00:00.0,not Satisfied
631-34-1880,Giza,Naypyitaw,Member,Male,Food And Beverages,24.31,3,76.5765,1/8/2019,7:09:00 PM,Credit Card,72.93,3.6465,4.3,Tuesday,January,00:00.0,not Satisfied
845-94-6841,Giza,Naypyitaw,Member,Female,Food And Beverages,72.88,9,688.716,1/8/2019,7:38:00 PM,Cash,655.92,32.796,4,Tuesday,January,00:00.0,not Satisfied
484-22-8230,Giza,Naypyitaw,Member,Female,Fashion Accessories,51.89,7,381.3915,1/8/2019,8:08:00 PM,Cash,363.23,18.1615,4.5,Tuesday,January,00:00.0,not Satisfied
571-94-0759,Cairo,Mandalay,Member,Female,Food And Beverages,74.6,10,783.3,1/8/2019,8:55:00 PM,Cash,746,37.3,9.5,Tuesday,January,00:00.0,Satisfied
189-40-5216,Giza,Naypyitaw,Normal,Male,Electronic Accessories,96.37,7,708.3195,1/9/2019,11:40:00 AM,Cash,674.59,33.7295,6,Wednesday,January,00:00.0,not Satisfied
867-47-1948,Giza,Naypyitaw,Normal,Female,Home And Lifestyle,15.8,10,165.9,1/9/2019,12:07:00 PM,Cash,158,7.9,7.8,Wednesday,January,00:00.0,Satisfied
288-62-1085,Alex,Yangon,Member,Male,Fashion Accessories,38.54,5,202.335,1/9/2019,1:34:00 PM,E-Wallet,192.7,9.635,5.6,Wednesday,January,00:00.0,not Satisfied
554-42-2417,Giza,Naypyitaw,Normal,Female,Sports And Travel,95.44,10,1002.12,1/9/2019,1:45:00 PM,Cash,954.4,47.72,5.2,Wednesday,January,00:00.0,not Satisfied
370-96-0655,Giza,Naypyitaw,Normal,Female,Fashion Accessories,49.32,6,310.716,1/9/2019,1:46:00 PM,E-Wallet,295.92,14.796,7.1,Wednesday,January,00:00.0,Satisfied
263-10-3913,Giza,Naypyitaw,Member,Female,Fashion Accessories,49.04,9,463.428,1/9/2019,2:20:00 PM,Credit Card,441.36,22.068,8.6,Wednesday,January,00:00.0,Satisfied
343-75-9322,Cairo,Mandalay,Member,Female,Sports And Travel,11.85,8,99.54,1/9/2019,4:34:00 PM,Cash,94.8,4.74,4.1,Wednesday,January,00:00.0,not Satisfied
305-89-2768,Cairo,Mandalay,Member,Female,Home And Lifestyle,21.9,3,68.985,1/9/2019,6:43:00 PM,E-Wallet,65.7,3.285,4.7,Wednesday,January,00:00.0,not Satisfied
887-42-0517,Giza,Naypyitaw,Normal,Female,Sports And Travel,83.14,7,611.079,1/10/2019,10:31:00 AM,Credit Card,581.98,29.099,6.6,Thursday,January,00:00.0,not Satisfied
241-11-2261,Cairo,Mandalay,Normal,Female,Fashion Accessories,79.86,7,586.971,1/10/2019,10:33:00 AM,Credit Card,559.02,27.951,5.5,Thursday,January,00:00.0,not Satisfied
226-34-0034,Cairo,Mandalay,Normal,Female,Electronic Accessories,13.78,4,57.876,1/10/2019,11:10:00 AM,E-Wallet,55.12,2.756,9,Thursday,January,00:00.0,Satisfied
603-07-0961,Giza,Naypyitaw,Member,Male,Electronic Accessories,74.79,5,392.6475,1/10/2019,11:34:00 AM,Cash,373.95,18.6975,4.9,Thursday,January,00:00.0,not Satisfied
744-02-5987,Alex,Yangon,Member,Male,Home And Lifestyle,78.38,6,493.794,1/10/2019,2:16:00 PM,E-Wallet,470.28,23.514,5.8,Thursday,January,00:00.0,not Satisfied
640-49-2076,Cairo,Mandalay,Member,Female,Sports And Travel,83.78,8,703.752,1/10/2019,2:49:00 PM,Cash,670.24,33.512,5.1,Thursday,January,00:00.0,not Satisfied
873-51-0671,Alex,Yangon,Member,Female,Sports And Travel,21.98,7,161.553,1/10/2019,4:42:00 PM,E-Wallet,153.86,7.693,5.1,Thursday,January,00:00.0,not Satisfied
577-34-7579,Giza,Naypyitaw,Member,Male,Food And Beverages,50.49,9,477.1305,1/10/2019,5:16:00 PM,Cash,454.41,22.7205,5.4,Thursday,January,00:00.0,not Satisfied
289-15-7034,Alex,Yangon,Member,Male,Sports And Travel,82.33,4,345.786,1/11/2019,10:37:00 AM,Credit Card,329.32,16.466,7.5,Friday,January,00:00.0,Satisfied
478-06-7835,Alex,Yangon,Normal,Male,Fashion Accessories,89.69,1,94.1745,1/11/2019,11:20:00 AM,E-Wallet,89.69,4.4845,4.9,Friday,January,00:00.0,not Satisfied
406-46-7107,Alex,Yangon,Normal,Female,Home And Lifestyle,96.52,6,608.076,1/11/2019,11:52:00 AM,Cash,579.12,28.956,4.5,Friday,January,00:00.0,not Satisfied
130-67-4723,Alex,Yangon,Member,Male,Food And Beverages,48.5,6,305.55,1/11/2019,1:57:00 PM,E-Wallet,291,14.55,9.4,Friday,January,00:00.0,Satisfied
746-68-6593,Giza,Naypyitaw,Member,Female,Sports And Travel,87.16,2,183.036,1/11/2019,2:29:00 PM,Credit Card,174.32,8.716,9.7,Friday,January,00:00.0,Satisfied
540-11-4336,Alex,Yangon,Normal,Male,Food And Beverages,24.94,9,235.683,1/11/2019,4:49:00 PM,Credit Card,224.46,11.223,5.6,Friday,January,00:00.0,not Satisfied
732-67-5346,Alex,Yangon,Normal,Male,Food And Beverages,13.79,5,72.3975,1/11/2019,7:07:00 PM,Credit Card,68.95,3.4475,7.8,Friday,January,00:00.0,Satisfied
592-46-1692,Giza,Naypyitaw,Member,Female,Food And Beverages,36.77,7,270.2595,1/11/2019,8:10:00 PM,Cash,257.39,12.8695,7.4,Friday,January,00:00.0,Satisfied
852-62-7105,Cairo,Mandalay,Normal,Female,Fashion Accessories,83.25,10,874.125,1/12/2019,11:25:00 AM,Credit Card,832.5,41.625,4.4,Saturday,January,00:00.0,not Satisfied
533-66-5566,Cairo,Mandalay,Normal,Female,Home And Lifestyle,51.07,7,375.3645,1/12/2019,11:42:00 AM,Cash,357.49,17.8745,7,Saturday,January,00:00.0,Satisfied
659-36-1684,Giza,Naypyitaw,Member,F,Sports And Travel,57.12,7,419.832,1/12/2019,12:02:00 PM,Credit Card,399.84,19.992,6.5,Saturday,January,00:00.0,not Satisfied
704-48-3927,Alex,Yangon,Member,Female,Electronic Accessories,88.67,10,931.035,1/12/2019,2:50:00 PM,E-Wallet,886.7,44.335,7.3,Saturday,January,00:00.0,Satisfied
381-20-0914,Alex,Yangon,Member,Female,Fashion Accessories,20.01,9,189.0945,1/12/2019,3:48:00 PM,Credit Card,180.09,9.0045,5.7,Saturday,January,00:00.0,not Satisfied
751-41-9720,Giza,Naypyitaw,Normal,Male,Home And Lifestyle,97.5,10,1023.75,1/12/2019,4:18:00 PM,E-Wallet,975,48.75,8,Saturday,January,00:00.0,Satisfied
647-50-1224,Alex,Yangon,Normal,Female,Fashion Accessories,29.42,10,308.91,1/12/2019,4:23:00 PM,E-Wallet,294.2,14.71,8.9,Saturday,January,00:00.0,Satisfied
751-15-6198,Cairo,Mandalay,Normal,Male,Sports And Travel,23.01,6,144.963,1/12/2019,4:45:00 PM,E-Wallet,138.06,6.903,7.9,Saturday,January,00:00.0,Satisfied
848-07-1692,Cairo,Mandalay,Normal,Female,Health And Beauty,57.22,2,120.162,1/12/2019,5:13:00 PM,E-Wallet,114.44,5.722,8.3,Saturday,January,00:00.0,Satisfied
197-77-7132,Cairo,Mandalay,Member,Male,Electronic Accessories,91.56,8,769.104,1/12/2019,6:22:00 PM,E-Wallet,732.48,36.624,6,Saturday,January,00:00.0,not Satisfied
296-11-7041,Cairo,Mandalay,Member,Female,Health And Beauty,27.07,1,28.4235,1/12/2019,8:07:00 PM,Credit Card,27.07,1.3535,5.3,Saturday,January,00:00.0,not Satisfied
460-93-5834,Alex,Yangon,Normal,Male,Sports And Travel,45.58,7,335.013,1/13/2019,10:03:00 AM,Cash,319.06,15.953,5,Sunday,January,00:00.0,not Satisfied
195-06-0432,Alex,Yangon,Member,Male,Home And Lifestyle,81.01,3,255.1815,1/13/2019,12:55:00 PM,Credit Card,243.03,12.1515,9.3,Sunday,January,00:00.0,Satisfied
784-08-0310,Giza,Naypyitaw,Member,Female,Food And Beverages,21.04,4,88.368,1/13/2019,1:58:00 PM,Cash,84.16,4.208,7.6,Sunday,January,00:00.0,Satisfied
339-38-9982,Cairo,Mandalay,Member,Male,Fashion Accessories,59.86,2,125.706,1/13/2019,2:55:00 PM,E-Wallet,119.72,5.986,6.7,Sunday,January,00:00.0,not Satisfied
732-94-0499,Giza,Naypyitaw,Member,Female,Electronic Accessories,41.65,10,437.325,1/13/2019,5:04:00 PM,Credit Card,416.5,20.825,5.4,Sunday,January,00:00.0,not Satisfied
397-25-8725,Alex,Yangon,Member,Female,Health And Beauty,39.62,9,374.409,1/13/2019,5:54:00 PM,Credit Card,356.58,17.829,6.8,Sunday,January,00:00.0,not Satisfied
459-50-7686,Alex,Yangon,Normal,Female,Electronic Accessories,23.46,6,147.798,1/13/2019,7:14:00 PM,E-Wallet,140.76,7.038,6.4,Sunday,January,00:00.0,not Satisfied
556-86-3144,Giza,Naypyitaw,Member,Female,Fashion Accessories,74.29,1,78.0045,1/13/2019,7:30:00 PM,Cash,74.29,3.7145,5,Sunday,January,00:00.0,not Satisfied
327-40-9673,Cairo,Mandalay,Member,Male,Sports And Travel,72.6,6,457.38,1/13/2019,7:51:00 PM,Cash,435.6,21.78,6.9,Sunday,January,00:00.0,not Satisfied
355-34-6244,Cairo,Mandalay,Normal,Male,Food And Beverages,72.39,2,152.019,1/13/2019,7:55:00 PM,Credit Card,144.78,7.239,8.1,Sunday,January,00:00.0,Satisfied
426-39-2418,Giza,Naypyitaw,Normal,Male,Electronic Accessories,61.41,7,451.3635,1/14/2019,10:02:00 AM,Cash,429.87,21.4935,9.8,Monday,January,00:00.0,Satisfied
320-85-2052,Cairo,Mandalay,Normal,Female,Sports And Travel,34.81,1,36.5505,1/14/2019,10:11:00 AM,Credit Card,34.81,1.7405,7,Monday,January,00:00.0,Satisfied
559-61-5987,Cairo,Mandalay,Normal,Female,Health And Beauty,17.75,1,18.6375,1/14/2019,10:38:00 AM,Cash,17.75,0.8875,8.6,Monday,January,00:00.0,Satisfied
704-10-4056,Giza,Naypyitaw,Member,Male,Health And Beauty,60.47,3,190.4805,1/14/2019,10:55:00 AM,Credit Card,181.41,9.0705,5.6,Monday,January,00:00.0,not Satisfied
868-52-7573,Cairo,Mandalay,Normal,Female,Food And Beverages,99.69,5,523.3725,1/14/2019,12:09:00 PM,Cash,498.45,24.9225,9.9,Monday,January,00:00.0,Satisfied
667-23-5919,Alex,Yangon,Member,Female,Fashion Accessories,96.7,5,507.675,1/14/2019,12:52:00 PM,E-Wallet,483.5,24.175,7,Monday,January,00:00.0,Satisfied
377-79-7592,Giza,Naypyitaw,Member,Female,Electronic Accessories,44.84,9,423.738,1/14/2019,2:00:00 PM,Credit Card,403.56,20.178,7.5,Monday,January,00:00.0,Satisfied
592-34-6155,Giza,Naypyitaw,Normal,Male,Food And Beverages,31.77,4,133.434,1/14/2019,2:43:00 PM,E-Wallet,127.08,6.354,6.2,Monday,January,00:00.0,not Satisfied
451-73-2711,Giza,Naypyitaw,Normal,Male,Food And Beverages,84.83,1,89.0715,1/14/2019,3:20:00 PM,E-Wallet,84.83,4.2415,8.8,Monday,January,00:00.0,Satisfied
658-66-3967,Giza,Naypyitaw,Normal,Male,Health And Beauty,53.19,7,390.9465,1/14/2019,3:42:00 PM,E-Wallet,372.33,18.6165,5,Monday,January,00:00.0,not Satisfied
359-90-3665,Cairo,Mandalay,Member,Female,Fashion Accessories,18.08,4,75.936,1/14/2019,6:03:00 PM,Credit Card,72.32,3.616,9.5,Monday,January,00:00.0,Satisfied
785-13-7708,Cairo,Mandalay,Normal,Male,Food And Beverages,73.06,7,536.991,1/14/2019,7:06:00 PM,Credit Card,511.42,25.571,4.2,Monday,January,00:00.0,not Satisfied
588-47-8641,Alex,Yangon,Member,Male,Fashion Accessories,56.04,10,588.42,1/14/2019,7:30:00 PM,E-Wallet,560.4,28.02,4.4,Monday,January,00:00.0,not Satisfied
301-11-9629,Alex,Yangon,Normal,Female,Sports And Travel,19.1,7,140.385,1/15/2019,10:43:00 AM,Cash,133.7,6.685,9.7,Tuesday,January,00:00.0,Satisfied
589-02-8023,Alex,Yangon,Member,Male,Food And Beverages,83.77,2,175.917,1/15/2019,10:54:00 AM,Credit Card,167.54,8.377,7,Tuesday,January,00:00.0,Satisfied
437-58-8131,Cairo,Mandalay,Normal,Female,Fashion Accessories,73.52,2,154.392,1/15/2019,1:41:00 PM,E-Wallet,147.04,7.352,4.6,Tuesday,January,00:00.0,not Satisfied
744-16-7898,Cairo,Mandalay,Normal,Female,Home And Lifestyle,97.37,10,1022.385,1/15/2019,1:48:00 PM,Credit Card,973.7,48.685,4.9,Tuesday,January,00:00.0,not Satisfied
188-55-0967,Cairo,Mandalay,Member,Male,Health And Beauty,66.47,10,697.935,1/15/2019,3:01:00 PM,Credit Card,664.7,33.235,5,Tuesday,January,00:00.0,not Satisfied
660-29-7083,Giza,Naypyitaw,Normal,Male,Electronic Accessories,55.87,10,586.635,1/15/2019,3:01:00 PM,Cash,558.7,27.935,5.8,Tuesday,January,00:00.0,not Satisfied
138-17-5109,Alex,Yangon,Member,Female,Home And Lifestyle,89.21,9,843.0345,1/15/2019,3:42:00 PM,Credit Card,802.89,40.1445,6.5,Tuesday,January,00:00.0,not Satisfied
272-65-1806,Alex,Yangon,Member,Female,Electronic Accessories,60.88,9,575.316,1/15/2019,5:17:00 PM,E-Wallet,547.92,27.396,4.7,Tuesday,January,00:00.0,not Satisfied
886-54-6089,Alex,Yangon,Normal,Female,Home And Lifestyle,11.43,6,72.009,1/15/2019,5:24:00 PM,Cash,68.58,3.429,7.7,Tuesday,January,00:00.0,Satisfied
369-82-2676,Cairo,Mandalay,Normal,Male,Electronic Accessories,75.66,5,397.215,1/15/2019,6:22:00 PM,E-Wallet,378.3,18.915,7.8,Tuesday,January,00:00.0,Satisfied
450-28-2866,Giza,Naypyitaw,Member,Male,Food And Beverages,17.44,5,91.56,1/15/2019,7:25:00 PM,Cash,87.2,4.36,8.1,Tuesday,January,00:00.0,Satisfied
314-23-4520,Giza,Naypyitaw,Member,Male,Health And Beauty,81.23,7,597.0405,1/15/2019,8:44:00 PM,Cash,568.61,28.4305,9,Tuesday,January,00:00.0,Satisfied
842-29-4695,Giza,Naypyitaw,Member,Male,Sports And Travel,17.14,7,125.979,1/16/2019,12:07:00 PM,Credit Card,119.98,5.999,7.9,Wednesday,January,00:00.0,Satisfied
234-65-2137,Giza,Naypyitaw,Normal,Male,Home And Lifestyle,95.58,10,1003.59,1/16/2019,1:32:00 PM,Cash,955.8,47.79,4.8,Wednesday,January,00:00.0,not Satisfied
372-62-5264,Giza,Naypyitaw,Normal,Female,Food And Beverages,52.6,9,497.07,1/16/2019,2:42:00 PM,Cash,473.4,23.67,7.6,Wednesday,January,00:00.0,Satisfied
859-71-0933,Giza,Naypyitaw,Member,Female,Sports And Travel,15.49,2,32.529,1/16/2019,3:10:00 PM,Cash,30.98,1.549,6.3,Wednesday,January,00:00.0,not Satisfied
659-65-8956,Cairo,Mandalay,Member,F,Fashion Accessories,51.36,1,53.928,1/16/2019,3:26:00 PM,E-Wallet,51.36,2.568,5.2,Wednesday,January,00:00.0,not Satisfied
648-83-1321,Alex,Yangon,Member,Male,Home And Lifestyle,63.56,10,667.38,1/16/2019,5:59:00 PM,Cash,635.6,31.78,4.3,Wednesday,January,00:00.0,not Satisfied
347-72-6115,Cairo,Mandalay,Member,Female,Sports And Travel,90.74,7,666.939,1/16/2019,6:03:00 PM,Credit Card,635.18,31.759,6.2,Wednesday,January,00:00.0,not Satisfied
677-11-0152,Giza,Naypyitaw,Normal,Female,Food And Beverages,93.26,9,881.307,1/16/2019,6:08:00 PM,Cash,839.34,41.967,8.8,Wednesday,January,00:00.0,Satisfied
618-34-8551,Alex,Yangon,Normal,Female,Sports And Travel,93.18,2,195.678,1/16/2019,6:41:00 PM,Credit Card,186.36,9.318,8.5,Wednesday,January,00:00.0,Satisfied
286-62-6248,Cairo,Mandalay,Normal,Male,Fashion Accessories,39.21,4,164.682,1/16/2019,8:03:00 PM,Credit Card,156.84,7.842,9,Wednesday,January,00:00.0,Satisfied
679-22-6530,Cairo,Mandalay,Normal,Female,Sports And Travel,40.62,2,85.302,1/17/2019,10:01:00 AM,Credit Card,81.24,4.062,4.1,Thursday,January,00:00.0,not Satisfied
349-97-8902,Cairo,Mandalay,Member,Male,Food And Beverages,57.89,2,121.569,1/17/2019,10:37:00 AM,E-Wallet,115.78,5.789,8.9,Thursday,January,00:00.0,Satisfied
101-81-4070,Giza,Naypyitaw,Member,Female,Health And Beauty,62.82,2,131.922,1/17/2019,12:36:00 PM,E-Wallet,125.64,6.282,4.9,Thursday,January,00:00.0,not Satisfied
746-54-5508,Alex,Yangon,Normal,Male,Home And Lifestyle,21.52,6,135.576,1/17/2019,12:48:00 PM,Credit Card,129.12,6.456,9.4,Thursday,January,00:00.0,Satisfied
698-98-5964,Alex,Yangon,Normal,Female,Food And Beverages,81.21,10,852.705,1/17/2019,1:01:00 PM,Credit Card,812.1,40.605,6.3,Thursday,January,00:00.0,not Satisfied
600-38-9738,Giza,Naypyitaw,Member,Male,Sports And Travel,71.92,5,377.58,1/17/2019,3:05:00 PM,Credit Card,359.6,17.98,4.3,Thursday,January,00:00.0,not Satisfied
497-37-6538,Alex,Yangon,Normal,Male,Sports And Travel,58.91,7,432.9885,1/17/2019,3:15:00 PM,E-Wallet,412.37,20.6185,9.7,Thursday,January,00:00.0,Satisfied
670-79-6321,Cairo,Mandalay,Member,Female,Home And Lifestyle,94.59,7,695.2365,1/17/2019,3:27:00 PM,Credit Card,662.13,33.1065,4.9,Thursday,January,00:00.0,not Satisfied
200-16-5952,Giza,Naypyitaw,Member,Male,Food And Beverages,65.65,2,137.865,1/17/2019,4:46:00 PM,Cash,131.3,6.565,6,Thursday,January,00:00.0,not Satisfied
445-30-9252,Alex,Yangon,Normal,Male,Sports And Travel,25.7,3,80.955,1/17/2019,5:59:00 PM,E-Wallet,77.1,3.855,6.1,Thursday,January,00:00.0,not Satisfied
280-35-5823,Cairo,Mandalay,Member,Female,Home And Lifestyle,86.72,1,91.056,1/17/2019,6:45:00 PM,E-Wallet,86.72,4.336,7.9,Thursday,January,00:00.0,Satisfied
562-12-5430,Alex,Yangon,Member,Female,Fashion Accessories,88.15,3,277.6725,1/18/2019,10:11:00 AM,E-Wallet,264.45,13.2225,7.9,Friday,January,00:00.0,Satisfied
414-12-7047,Cairo,Mandalay,Normal,M,Food And Beverages,19.79,8,166.236,1/18/2019,12:04:00 PM,E-Wallet,158.32,7.916,8.7,Friday,January,00:00.0,Satisfied
821-14-9046,Cairo,Mandalay,Member,Female,Fashion Accessories,17.48,6,110.124,1/18/2019,3:04:00 PM,Credit Card,104.88,5.244,6.1,Friday,January,00:00.0,not Satisfied
622-20-1945,Giza,Naypyitaw,Normal,Female,Health And Beauty,39.42,1,41.391,1/18/2019,3:08:00 PM,Cash,39.42,1.971,8.4,Friday,January,00:00.0,Satisfied
678-79-0726,Giza,Naypyitaw,Member,Female,Sports And Travel,90.63,9,856.4535,1/18/2019,3:28:00 PM,Cash,815.67,40.7835,5.1,Friday,January,00:00.0,not Satisfied
781-84-8059,Giza,Naypyitaw,Normal,Male,Fashion Accessories,60.74,7,446.439,1/18/2019,4:23:00 PM,E-Wallet,425.18,21.259,5,Friday,January,00:00.0,not Satisfied
166-19-2553,Alex,Yangon,Member,Male,Sports And Travel,89.06,6,561.078,1/18/2019,5:26:00 PM,Cash,534.36,26.718,9.9,Friday,January,00:00.0,Satisfied
706-36-6154,Alex,Yangon,Member,Male,Home And Lifestyle,19.36,9,182.952,1/18/2019,6:43:00 PM,E-Wallet,174.24,8.712,8.7,Friday,January,00:00.0,Satisfied
700-81-1757,Alex,Yangon,Normal,Female,Electronic Accessories,26.31,5,138.1275,1/18/2019,8:59:00 PM,Credit Card,131.55,6.5775,8.8,Friday,January,00:00.0,Satisfied
761-49-0439,Cairo,Mandalay,Member,Female,Electronic Accessories,12.1,8,101.64,1/19/2019,10:17:00 AM,E-Wallet,96.8,4.84,8.6,Saturday,January,00:00.0,Satisfied
779-06-0012,Giza,Naypyitaw,Member,Female,Home And Lifestyle,88.61,1,93.0405,1/19/2019,10:21:00 AM,Cash,88.61,4.4305,7.7,Saturday,January,00:00.0,Satisfied
151-27-8496,Giza,Naypyitaw,Normal,Female,Electronic Accessories,56.13,4,235.746,1/19/2019,11:43:00 AM,E-Wallet,224.52,11.226,8.6,Saturday,January,00:00.0,Satisfied
728-47-9078,Giza,Naypyitaw,Member,Male,Food And Beverages,59.59,4,250.278,1/19/2019,12:46:00 PM,Cash,238.36,11.918,9.8,Saturday,January,00:00.0,Satisfied
482-17-1179,Alex,Yangon,Member,Male,Electronic Accessories,11.94,3,37.611,1/19/2019,12:47:00 PM,Credit Card,35.82,1.791,8.1,Saturday,January,00:00.0,Satisfied
125-45-2293,Alex,Yangon,Normal,Female,Fashion Accessories,99.1,6,624.33,1/19/2019,1:11:00 PM,Cash,594.6,29.73,4.2,Saturday,January,00:00.0,not Satisfied
149-61-1929,Alex,Yangon,Normal,Male,Sports And Travel,64.19,10,673.995,1/19/2019,2:08:00 PM,Credit Card,641.9,32.095,6.7,Saturday,January,00:00.0,not Satisfied
882-40-4577,Alex,Yangon,Member,Male,Sports And Travel,67.26,4,282.492,1/19/2019,3:28:00 PM,Credit Card,269.04,13.452,8,Saturday,January,00:00.0,Satisfied
375-72-3056,Cairo,Mandalay,Normal,Male,Sports And Travel,63.06,3,198.639,1/19/2019,3:58:00 PM,E-Wallet,189.18,9.459,7,Saturday,January,00:00.0,Satisfied
284-54-4231,Giza,Naypyitaw,Member,Male,Sports And Travel,80.93,1,84.9765,1/19/2019,4:08:00 PM,Credit Card,80.93,4.0465,9,Saturday,January,00:00.0,Satisfied
796-32-9050,Alex,Yangon,Normal,M,Food And Beverages,51.28,6,323.064,1/19/2019,4:31:00 PM,Cash,307.68,15.384,6.5,Saturday,January,00:00.0,not Satisfied
608-27-6295,Cairo,Mandalay,Member,M,Electronic Accessories,52.89,6,333.207,1/19/2019,5:34:00 PM,Credit Card,317.34,15.867,9.8,Saturday,January,00:00.0,Satisfied
809-69-9497,Alex,Yangon,Normal,Female,Home And Lifestyle,45.68,10,479.64,1/19/2019,7:30:00 PM,E-Wallet,456.8,22.84,5.7,Saturday,January,00:00.0,not Satisfied
894-41-5205,Giza,Naypyitaw,Normal,Female,Food And Beverages,43.18,8,362.712,1/19/2019,7:39:00 PM,Credit Card,345.44,17.272,8.3,Saturday,January,00:00.0,Satisfied
645-44-1170,Alex,Yangon,Member,F,Home And Lifestyle,58.07,9,548.7615,1/19/2019,8:07:00 PM,E-Wallet,522.63,26.1315,4.3,Saturday,January,00:00.0,not Satisfied
832-51-6761,Alex,Yangon,Normal,Male,Food And Beverages,33.88,8,284.592,1/19/2019,8:29:00 PM,E-Wallet,271.04,13.552,9.6,Saturday,January,00:00.0,Satisfied
725-96-3778,Giza,Naypyitaw,Member,Female,Home And Lifestyle,89.25,8,749.7,1/20/2019,10:13:00 AM,Cash,714,35.7,4.7,Sunday,January,00:00.0,not Satisfied
458-10-8612,Giza,Naypyitaw,Normal,Male,Health And Beauty,64.08,7,470.988,1/20/2019,12:27:00 PM,E-Wallet,448.56,22.428,7.6,Sunday,January,00:00.0,Satisfied
356-44-8813,Cairo,Mandalay,Normal,Male,Home And Lifestyle,37.48,3,118.062,1/20/2019,1:45:00 PM,Credit Card,112.44,5.622,7.7,Sunday,January,00:00.0,Satisfied
787-87-2010,Alex,Yangon,Member,Male,Health And Beauty,55.5,4,233.1,1/20/2019,3:48:00 PM,Credit Card,222,11.1,6.6,Sunday,January,00:00.0,not Satisfied
817-48-8732,Alex,Yangon,Member,Female,Home And Lifestyle,72.35,10,1085.25,1/20/2019,3:55:00 PM,Cash,723.5,36.175,5.4,Sunday,January,00:00.0,not Satisfied
257-73-1380,Giza,Naypyitaw,Member,Male,Sports And Travel,82.93,4,348.306,1/20/2019,4:51:00 PM,E-Wallet,331.72,16.586,9.6,Sunday,January,00:00.0,Satisfied
410-67-1709,Alex,Yangon,Member,Female,Fashion Accessories,63.879999999999995,8,536.592,1/20/2019,5:48:00 PM,E-Wallet,511.04,25.552,9.9,Sunday,January,00:00.0,Satisfied
645-78-8093,Alex,Yangon,Normal,Female,Sports And Travel,93.14,2,195.594,1/20/2019,6:09:00 PM,E-Wallet,186.28,9.314,4.1,Sunday,January,00:00.0,not Satisfied
760-27-5490,Giza,Naypyitaw,Normal,Male,Fashion Accessories,15.62,8,131.208,1/20/2019,8:37:00 PM,E-Wallet,124.96,6.248,9.1,Sunday,January,00:00.0,Satisfied
378-24-2715,Cairo,Mandalay,Member,F,Home And Lifestyle,53.44,2,112.224,1/20/2019,8:38:00 PM,E-Wallet,106.88,5.344,4.1,Sunday,January,00:00.0,not Satisfied
316-68-6352,Alex,Yangon,Member,Female,Food And Beverages,36.36,2,76.356,1/21/2019,10:00:00 AM,Cash,72.72,3.636,7.1,Monday,January,00:00.0,Satisfied
870-72-4431,Giza,Naypyitaw,Member,Female,Health And Beauty,99.19,6,624.897,1/21/2019,2:42:00 PM,Credit Card,595.14,29.757,5.5,Monday,January,00:00.0,not Satisfied
239-10-7476,Alex,Yangon,Normal,Female,Home And Lifestyle,77.95,6,491.085,1/21/2019,4:37:00 PM,E-Wallet,467.7,23.385,8,Monday,January,00:00.0,Satisfied
401-18-8016,Cairo,Mandalay,Member,Female,Sports And Travel,98.13,1,103.0365,1/21/2019,5:36:00 PM,Cash,98.13,4.9065,8.9,Monday,January,00:00.0,Satisfied
462-67-9126,Alex,Yangon,Normal,Male,Home And Lifestyle,73.22,6,461.286,1/21/2019,5:44:00 PM,Cash,439.32,21.966,7.2,Monday,January,00:00.0,Satisfied
329-62-1586,Alex,Yangon,Member,Female,Food And Beverages,54.67,3,172.2105,1/21/2019,6:00:00 PM,Credit Card,164.01,8.2005,8.6,Monday,January,00:00.0,Satisfied
269-10-8440,Alex,Yangon,Member,Male,Health And Beauty,53.17,7,390.7995,1/21/2019,6:01:00 PM,Cash,372.19,18.6095,8.9,Monday,January,00:00.0,Satisfied
162-65-8559,Giza,Naypyitaw,Member,Male,Food And Beverages,68.98,1,72.429,1/21/2019,8:13:00 PM,Cash,68.98,3.449,4.8,Monday,January,00:00.0,not Satisfied
287-21-9091,Alex,Yangon,Member,Female,Home And Lifestyle,74.67,9,974.4435000000001,1/22/2019,10:55:00 AM,E-Wallet,672.03,33.6015,9.4,Tuesday,January,00:00.0,Satisfied
186-09-3669,Giza,Naypyitaw,Member,Female,Health And Beauty,81.51,1,85.5855,1/22/2019,10:57:00 AM,E-Wallet,81.51,4.0755,9.2,Tuesday,January,00:00.0,Satisfied
460-35-4390,Alex,Yangon,Normal,Male,Home And Lifestyle,30.68,3,96.642,1/22/2019,11:00:00 AM,E-Wallet,92.04,4.602,9.1,Tuesday,January,00:00.0,Satisfied
563-47-4072,Cairo,Mandalay,Normal,Female,Health And Beauty,55.81,6,351.603,1/22/2019,11:52:00 AM,Cash,334.86,16.743,9.9,Tuesday,January,00:00.0,Satisfied
120-54-2248,Cairo,Mandalay,Normal,Female,Food And Beverages,28.86,5,151.515,1/22/2019,6:08:00 PM,Credit Card,144.3,7.215,8,Tuesday,January,00:00.0,Satisfied
756-01-7507,Giza,Naypyitaw,Member,Female,Health And Beauty,20.38,5,106.995,1/22/2019,6:56:00 PM,Cash,101.9,5.095,6,Tuesday,January,00:00.0,not Satisfied
521-18-7827,Giza,Naypyitaw,Member,Male,Home And Lifestyle,39.39,5,206.7975,1/22/2019,8:46:00 PM,Credit Card,196.95,9.8475,8.7,Tuesday,January,00:00.0,Satisfied
790-38-4466,Giza,Naypyitaw,Normal,Female,Health And Beauty,10.99,5,57.6975,1/23/2019,10:18:00 AM,Credit Card,54.95,2.7475,9.3,Wednesday,January,00:00.0,Satisfied
565-80-5980,Giza,Naypyitaw,Member,Female,Home And Lifestyle,47.38,4,198.996,1/23/2019,10:25:00 AM,Cash,189.52,9.476,7.1,Wednesday,January,00:00.0,Satisfied
213-32-1216,Alex,Yangon,Normal,Female,Electronic Accessories,66.06,6,416.178,1/23/2019,10:28:00 AM,Cash,396.36,19.818,7.3,Wednesday,January,00:00.0,Satisfied
148-41-7930,Giza,Naypyitaw,Normal,Male,Health And Beauty,99.96,7,734.706,1/23/2019,10:33:00 AM,Cash,699.72,34.986,6.1,Wednesday,January,00:00.0,not Satisfied
477-59-2456,Giza,Naypyitaw,Normal,Female,Fashion Accessories,45.44,7,333.984,1/23/2019,11:15:00 AM,Cash,318.08,15.904,9.2,Wednesday,January,00:00.0,Satisfied
828-46-6863,Alex,Yangon,Member,Male,Food And Beverages,98.53,6,620.739,1/23/2019,11:22:00 AM,Credit Card,591.18,29.559,4,Wednesday,January,00:00.0,not Satisfied
434-83-9547,Giza,Naypyitaw,Member,Male,Food And Beverages,38.47,8,323.148,1/23/2019,11:51:00 AM,Cash,307.76,15.388,7.7,Wednesday,January,00:00.0,Satisfied
767-05-1286,Giza,Naypyitaw,Member,Female,Home And Lifestyle,83.77,6,527.751,1/23/2019,12:10:00 PM,E-Wallet,502.62,25.131,5.4,Wednesday,January,00:00.0,not Satisfied
318-12-0304,Alex,Yangon,Normal,Male,Fashion Accessories,30.61,1,32.1405,1/23/2019,12:20:00 PM,E-Wallet,30.61,1.5305,5.2,Wednesday,January,00:00.0,not Satisfied
316-66-3011,Alex,Yangon,Member,Female,Food And Beverages,47.63,9,450.1035,1/23/2019,12:35:00 PM,Cash,428.67,21.4335,5,Wednesday,January,00:00.0,not Satisfied
731-81-9469,Giza,Naypyitaw,Member,Female,Sports And Travel,89.8,10,942.9,1/23/2019,1:00:00 PM,Credit Card,898,44.9,5.4,Wednesday,January,00:00.0,not Satisfied
740-22-2500,Giza,Naypyitaw,Normal,Female,Electronic Accessories,84.05,3,264.7575,1/23/2019,1:29:00 PM,Cash,252.15,12.6075,9.8,Wednesday,January,00:00.0,Satisfied
604-70-6476,Alex,Yangon,Member,Male,Fashion Accessories,17.94,5,94.185,1/23/2019,2:04:00 PM,E-Wallet,89.7,4.485,6.8,Wednesday,January,00:00.0,not Satisfied
160-22-2687,Alex,Yangon,Member,Female,Health And Beauty,95.95,5,503.7375,1/23/2019,2:21:00 PM,E-Wallet,479.75,23.9875,8.8,Wednesday,January,00:00.0,Satisfied
219-61-4139,Giza,Naypyitaw,Normal,Male,Electronic Accessories,83.08,1,87.234,1/23/2019,5:16:00 PM,E-Wallet,83.08,4.154,6.4,Wednesday,January,00:00.0,not Satisfied
809-46-1866,Alex,Yangon,Normal,Male,Health And Beauty,58.15,4,244.23,1/23/2019,5:44:00 PM,Cash,232.6,11.63,8.4,Wednesday,January,00:00.0,Satisfied
480-63-2856,Giza,Naypyitaw,Member,Female,Food And Beverages,19.25,8,161.7,1/23/2019,6:37:00 PM,E-Wallet,154,7.7,6.6,Wednesday,January,00:00.0,not Satisfied
232-11-3025,Alex,Yangon,Member,Female,Sports And Travel,78.77,10,1181.55,1/24/2019,10:04:00 AM,Cash,787.7,39.385,6.4,Thursday,January,00:00.0,not Satisfied
438-23-1242,Cairo,Mandalay,Normal,Male,Electronic Accessories,75.88,7,557.718,1/24/2019,10:38:00 AM,E-Wallet,531.16,26.558,8.9,Thursday,January,00:00.0,Satisfied
778-34-2523,Alex,Yangon,Member,Female,Electronic Accessories,48.62,8,408.408,1/24/2019,10:57:00 AM,Cash,388.96,19.448,5,Thursday,January,00:00.0,not Satisfied
789-23-8625,Cairo,Mandalay,Member,Male,Fashion Accessories,93.22,3,293.643,1/24/2019,11:45:00 AM,Cash,279.66,13.983,7.2,Thursday,January,00:00.0,Satisfied
443-60-9639,Giza,Naypyitaw,Member,Female,Home And Lifestyle,60.87,1,63.9135,1/24/2019,1:24:00 PM,Cash,60.87,3.0435,5.5,Thursday,January,00:00.0,not Satisfied
775-72-1988,Cairo,Mandalay,Normal,Male,Home And Lifestyle,73.28,5,384.72,1/24/2019,3:05:00 PM,E-Wallet,366.4,18.32,8.4,Thursday,January,00:00.0,Satisfied
139-20-0155,Cairo,Mandalay,Member,Male,Electronic Accessories,40.3,10,423.15,1/24/2019,5:37:00 PM,Credit Card,403,20.15,7,Thursday,January,00:00.0,Satisfied
237-44-6163,Alex,Yangon,Normal,Male,Electronic Accessories,10.56,8,88.704,1/24/2019,5:43:00 PM,Cash,84.48,4.224,7.6,Thursday,January,00:00.0,Satisfied
435-13-4908,Alex,Yangon,Member,Male,Fashion Accessories,86.68,8,728.112,1/24/2019,6:04:00 PM,Credit Card,693.44,34.672,7.2,Thursday,January,00:00.0,Satisfied
602-16-6955,Cairo,Mandalay,Normal,Female,Sports And Travel,76.6,10,804.3,1/24/2019,6:10:00 PM,E-Wallet,766,38.3,6,Thursday,January,00:00.0,not Satisfied
510-79-0415,Cairo,Mandalay,Member,Female,Sports And Travel,23.08,6,145.404,1/24/2019,7:20:00 PM,E-Wallet,138.48,6.924,4.9,Thursday,January,00:00.0,not Satisfied
726-27-2396,Alex,Yangon,Normal,Female,Health And Beauty,77.5,5,406.875,1/24/2019,8:36:00 PM,E-Wallet,387.5,19.375,4.3,Thursday,January,00:00.0,not Satisfied
235-06-8510,Giza,Naypyitaw,Member,Male,Home And Lifestyle,85.72,3,270.018,1/24/2019,8:59:00 PM,E-Wallet,257.16,12.858,5.1,Thursday,January,00:00.0,not Satisfied
730-61-8757,Cairo,Mandalay,Member,Male,Health And Beauty,51.13,4,214.746,1/25/2019,10:11:00 AM,Credit Card,204.52,10.226,4,Friday,January,00:00.0,not Satisfied
843-73-4724,Alex,Yangon,Normal,Male,Fashion Accessories,74.1,1,77.805,1/25/2019,11:05:00 AM,Cash,74.1,3.705,9.2,Friday,January,00:00.0,Satisfied
340-21-9136,Alex,Yangon,Member,Female,Sports And Travel,40.05,4,168.21,1/25/2019,11:40:00 AM,Cash,160.2,8.01,9.7,Friday,January,00:00.0,Satisfied
191-10-6171,Cairo,Mandalay,Normal,Female,Fashion Accessories,39.62,7,291.207,1/25/2019,1:18:00 PM,Cash,277.34,13.867,7.5,Friday,January,00:00.0,Satisfied
283-79-9594,Cairo,Mandalay,Normal,Female,Food And Beverages,48.51,7,356.5485,1/25/2019,1:30:00 PM,Credit Card,339.57,16.9785,5.2,Friday,January,00:00.0,not Satisfied
394-55-6384,Giza,Naypyitaw,Member,Female,Sports And Travel,70.19,9,663.2955,1/25/2019,1:38:00 PM,Cash,631.71,31.5855,6.7,Friday,January,00:00.0,not Satisfied
280-17-4359,Giza,Naypyitaw,Member,Male,Health And Beauty,90.5,10,950.25,1/25/2019,1:48:00 PM,Cash,905,45.25,8.1,Friday,January,00:00.0,Satisfied
856-66-2701,Alex,Yangon,Member,Male,Home And Lifestyle,53.3,3,167.895,1/25/2019,2:19:00 PM,E-Wallet,159.9,7.995,7.5,Friday,January,00:00.0,Satisfied
569-71-4390,Cairo,Mandalay,Normal,Male,Sports And Travel,21.87,2,45.927,1/25/2019,2:29:00 PM,E-Wallet,43.74,2.187,6.9,Friday,January,00:00.0,not Satisfied
824-88-3614,Giza,Naypyitaw,Normal,Male,Health And Beauty,34.31,8,288.204,1/25/2019,3:00:00 PM,E-Wallet,274.48,13.724,5.7,Friday,January,00:00.0,not Satisfied
778-71-5554,Giza,Naypyitaw,Member,Female,Fashion Accessories,15.43,1,16.2015,1/25/2019,3:46:00 PM,Credit Card,15.43,0.7715,6.1,Friday,January,00:00.0,not Satisfied
307-83-9164,Alex,Yangon,Member,Male,Home And Lifestyle,60.01,4,252.042,1/25/2019,3:54:00 PM,Cash,240.04,12.002,4.5,Friday,January,00:00.0,not Satisfied
268-03-6164,Cairo,Mandalay,Normal,Male,Health And Beauty,96.11,1,100.9155,1/25/2019,4:28:00 PM,E-Wallet,96.11,4.8055,7.8,Friday,January,00:00.0,Satisfied
288-38-3758,Giza,Naypyitaw,Member,Female,Fashion Accessories,84.87,3,267.3405,1/25/2019,6:30:00 PM,E-Wallet,254.61,12.7305,7.4,Friday,January,00:00.0,Satisfied
261-12-8671,Cairo,Mandalay,Normal,Female,Fashion Accessories,60.96,2,128.016,1/25/2019,7:39:00 PM,Credit Card,121.92,6.096,4.9,Friday,January,00:00.0,not Satisfied
145-94-9061,Cairo,Mandalay,Member,Female,Food And Beverages,88.36,5,463.89,1/25/2019,7:48:00 PM,Cash,441.8,22.09,9.6,Friday,January,00:00.0,Satisfied
888-02-0338,Alex,Yangon,Normal,Male,Electronic Accessories,26.23,9,247.8735,1/25/2019,8:24:00 PM,E-Wallet,236.07,11.8035,5.9,Friday,January,00:00.0,not Satisfied
881-41-7302,Giza,Naypyitaw,Normal,Female,Fashion Accessories,64.99,1,68.2395,1/26/2019,10:06:00 AM,Credit Card,64.99,3.2495,4.5,Saturday,January,00:00.0,not Satisfied
896-34-0956,Alex,Yangon,Normal,Male,Fashion Accessories,21.32,1,22.386,1/26/2019,12:43:00 PM,Cash,21.32,1.066,5.9,Saturday,January,00:00.0,not Satisfied
316-55-4634,Cairo,Mandalay,Member,M,Food And Beverages,80.05,5,420.2625,1/26/2019,12:45:00 PM,Credit Card,400.25,20.0125,9.4,Saturday,January,00:00.0,Satisfied
794-42-3736,Cairo,Mandalay,Normal,Male,Food And Beverages,33.33,2,69.993,1/26/2019,2:41:00 PM,Credit Card,66.66,3.333,6.4,Saturday,January,00:00.0,not Satisfied
173-82-9529,Cairo,Mandalay,Normal,Female,Fashion Accessories,37.95,10,398.475,1/26/2019,2:51:00 PM,Cash,379.5,18.975,9.7,Saturday,January,00:00.0,Satisfied
176-78-1170,Giza,Naypyitaw,Member,Male,Health And Beauty,33.81,3,106.5015,1/26/2019,3:11:00 PM,E-Wallet,101.43,5.0715,7.3,Saturday,January,00:00.0,Satisfied
452-04-8808,Cairo,Mandalay,Normal,Male,Electronic Accessories,87.08,7,640.038,1/26/2019,3:17:00 PM,Cash,609.56,30.478,5.5,Saturday,January,00:00.0,not Satisfied
135-13-8269,Cairo,Mandalay,Member,Female,Food And Beverages,78.88,2,165.648,1/26/2019,4:04:00 PM,Cash,157.76,7.888,9.1,Saturday,January,00:00.0,Satisfied
539-21-7227,Cairo,Mandalay,Normal,Female,Sports And Travel,51.54,5,270.585,1/26/2019,5:45:00 PM,Cash,257.7,12.885,4.2,Saturday,January,00:00.0,not Satisfied
308-39-1707,Alex,Yangon,Normal,Female,Fashion Accessories,12.09,1,12.6945,1/26/2019,6:19:00 PM,Credit Card,12.09,0.6045,8.2,Saturday,January,00:00.0,Satisfied
834-61-8124,Alex,Yangon,Normal,Male,Electronic Accessories,51.69,7,379.9215,1/26/2019,6:22:00 PM,Cash,361.83,18.0915,5.5,Saturday,January,00:00.0,not Satisfied
258-69-7810,Giza,Naypyitaw,Normal,Female,Fashion Accessories,36.85,5,193.4625,1/26/2019,6:53:00 PM,Cash,184.25,9.2125,9.2,Saturday,January,00:00.0,Satisfied
836-82-5858,Cairo,Mandalay,Member,Male,Health And Beauty,69.37,9,655.5465,1/26/2019,7:14:00 PM,E-Wallet,624.33,31.2165,4,Saturday,January,00:00.0,not Satisfied
289-65-5721,Cairo,Mandalay,Normal,Female,Fashion Accessories,81.37,2,170.877,1/26/2019,7:28:00 PM,Cash,162.74,8.137,6.5,Saturday,January,00:00.0,not Satisfied
225-32-0908,Giza,Naypyitaw,Member,Female,Sports And Travel,44.86,10,471.03,1/26/2019,7:54:00 PM,E-Wallet,448.6,22.43,8.2,Saturday,January,00:00.0,Satisfied
847-38-7188,Cairo,Mandalay,Member,Female,Food And Beverages,96.68,3,304.542,1/26/2019,7:56:00 PM,E-Wallet,290.04,14.502,6.4,Saturday,January,00:00.0,not Satisfied
641-43-2399,Cairo,Mandalay,Normal,Male,Home And Lifestyle,25.55,4,107.31,1/26/2019,8:23:00 PM,E-Wallet,102.2,5.11,5.7,Saturday,January,00:00.0,not Satisfied
624-01-8356,Cairo,Mandalay,Normal,Female,Home And Lifestyle,49.01,10,514.605,1/27/2019,10:44:00 AM,Credit Card,490.1,24.505,4.2,Sunday,January,00:00.0,not Satisfied
862-59-8517,Giza,Naypyitaw,Normal,Female,Food And Beverages,90.24,6,568.512,1/27/2019,11:17:00 AM,Cash,541.44,27.072,6.2,Sunday,January,00:00.0,not Satisfied
870-54-3162,Alex,Yangon,Member,Female,Sports And Travel,32.25,5,169.3125,1/27/2019,1:26:00 PM,Cash,161.25,8.0625,9,Sunday,January,00:00.0,Satisfied
325-90-8763,Giza,Naypyitaw,Member,Female,Electronic Accessories,46.57,10,488.985,1/27/2019,1:58:00 PM,Cash,465.7,23.285,7.6,Sunday,January,00:00.0,Satisfied
613-59-9758,Giza,Naypyitaw,Normal,Female,Sports And Travel,14.36,10,150.78,1/27/2019,2:28:00 PM,Cash,143.6,7.18,5.4,Sunday,January,00:00.0,not Satisfied
534-01-4457,Alex,Yangon,Normal,Male,Food And Beverages,81.71,6,514.773,1/27/2019,2:36:00 PM,Credit Card,490.26,24.513,8,Sunday,January,00:00.0,Satisfied
394-41-0748,Giza,Naypyitaw,Member,Female,Fashion Accessories,54.07,9,510.9615,1/27/2019,2:55:00 PM,E-Wallet,486.63,24.3315,9.5,Sunday,January,00:00.0,Satisfied
633-91-1052,Alex,Yangon,Normal,Female,Home And Lifestyle,12.03,2,25.263,1/27/2019,3:51:00 PM,Cash,24.06,1.203,5.1,Sunday,January,00:00.0,not Satisfied
788-07-8452,Giza,Naypyitaw,Member,Female,Home And Lifestyle,24.24,7,178.164,1/27/2019,5:38:00 PM,E-Wallet,169.68,8.484,9.4,Sunday,January,00:00.0,Satisfied
595-27-4851,Alex,Yangon,Normal,Female,Fashion Accessories,54.28,7,398.958,1/27/2019,6:05:00 PM,E-Wallet,379.96,18.998,9.3,Sunday,January,00:00.0,Satisfied
585-90-0249,Alex,Yangon,Member,Male,Electronic Accessories,73.26,1,76.923,1/27/2019,6:08:00 PM,E-Wallet,73.26,3.663,9.7,Sunday,January,00:00.0,Satisfied
620-02-2046,Giza,Naypyitaw,Normal,Male,Home And Lifestyle,69.4,2,145.74,1/27/2019,7:48:00 PM,E-Wallet,138.8,6.94,9,Sunday,January,00:00.0,Satisfied
869-11-3082,Cairo,Mandalay,Member,Male,Health And Beauty,96.16,4,403.872,1/27/2019,8:03:00 PM,Credit Card,384.64,19.232,8.4,Sunday,January,00:00.0,Satisfied
123-19-1176,Alex,Yangon,Member,Female,Health And Beauty,58.22,8,489.048,1/27/2019,8:33:00 PM,E-Wallet,465.76,23.288,8.4,Sunday,January,00:00.0,Satisfied
544-55-9589,Cairo,Mandalay,Member,Female,Electronic Accessories,21.43,10,225.015,1/28/2019,11:51:00 AM,Cash,214.3,10.715,6.2,Monday,January,00:00.0,not Satisfied
149-71-6266,Cairo,Mandalay,Member,Female,Sports And Travel,78.07,9,737.7615,1/28/2019,12:43:00 PM,Cash,702.63,35.1315,4.5,Monday,January,00:00.0,not Satisfied
400-89-4171,Giza,Naypyitaw,Normal,Female,Sports And Travel,80.97,8,680.148,1/28/2019,1:05:00 PM,Cash,647.76,32.388,9.3,Monday,January,00:00.0,Satisfied
222-42-0244,Cairo,Mandalay,Member,Female,Health And Beauty,72.11,9,681.4395,1/28/2019,1:53:00 PM,Credit Card,648.99,32.4495,7.7,Monday,January,00:00.0,Satisfied
211-30-9270,Giza,Naypyitaw,Normal,Male,Health And Beauty,17.41,5,91.4025,1/28/2019,3:16:00 PM,Credit Card,87.05,4.3525,4.9,Monday,January,00:00.0,not Satisfied
430-53-4718,Cairo,Mandalay,Member,Male,Health And Beauty,75.37,8,633.108,1/28/2019,3:46:00 PM,Credit Card,602.96,30.148,8.4,Monday,January,00:00.0,Satisfied
243-47-2663,Giza,Naypyitaw,Member,Male,Electronic Accessories,18.77,6,118.251,1/28/2019,4:43:00 PM,Credit Card,112.62,5.631,5.5,Monday,January,00:00.0,not Satisfied
342-65-4817,Giza,Naypyitaw,Member,Male,Health And Beauty,86.8,3,273.42,1/28/2019,4:47:00 PM,E-Wallet,260.4,13.02,9.9,Monday,January,00:00.0,Satisfied
865-41-9075,Alex,Yangon,Normal,Male,Food And Beverages,11.53,7,84.7455,1/28/2019,5:35:00 PM,Cash,80.71,4.0355,8.1,Monday,January,00:00.0,Satisfied
699-88-1972,Cairo,Mandalay,Normal,Male,Health And Beauty,99.16,8,832.944,1/28/2019,5:47:00 PM,Credit Card,793.28,39.664,4.2,Monday,January,00:00.0,not Satisfied
390-80-5128,Cairo,Mandalay,Member,Female,Health And Beauty,19.15,1,20.1075,1/28/2019,5:58:00 PM,Credit Card,19.15,0.9575,9.5,Monday,January,00:00.0,Satisfied
372-26-1506,Giza,Naypyitaw,Normal,Female,Fashion Accessories,23.82,5,125.055,1/28/2019,7:24:00 PM,E-Wallet,119.1,5.955,5.4,Monday,January,00:00.0,not Satisfied
593-65-1552,Giza,Naypyitaw,Normal,Female,Home And Lifestyle,69.81,4,293.202,1/28/2019,8:50:00 PM,Credit Card,279.24,13.962,5.9,Monday,January,00:00.0,not Satisfied
726-29-6793,Alex,Yangon,Member,Male,Electronic Accessories,24.18,8,203.112,1/28/2019,8:54:00 PM,E-Wallet,193.44,9.672,9.8,Monday,January,00:00.0,Satisfied
606-80-4905,Giza,Naypyitaw,Member,Female,Sports And Travel,19.15,6,120.645,1/29/2019,10:01:00 AM,Credit Card,114.9,5.745,6.8,Tuesday,January,00:00.0,not Satisfied
862-17-9201,Cairo,Mandalay,Normal,Female,Food And Beverages,84.05,6,529.515,1/29/2019,10:48:00 AM,Credit Card,504.3,25.215,7.7,Tuesday,January,00:00.0,Satisfied
575-67-1508,Alex,Yangon,Normal,Male,Electronic Accessories,38.6,1,40.53,1/29/2019,11:26:00 AM,E-Wallet,38.6,1.93,6.7,Tuesday,January,00:00.0,not Satisfied
343-61-3544,Cairo,Mandalay,Member,Male,Sports And Travel,26.67,10,280.035,1/29/2019,11:48:00 AM,Cash,266.7,13.335,8.6,Tuesday,January,00:00.0,Satisfied
746-94-0204,Alex,Yangon,Normal,Male,Fashion Accessories,83.24,9,786.618,1/29/2019,11:56:00 AM,Credit Card,749.16,37.458,7.4,Tuesday,January,00:00.0,Satisfied
382-25-8917,Giza,Naypyitaw,Normal,Male,Fashion Accessories,42.08,6,265.104,1/29/2019,12:25:00 PM,Cash,252.48,12.624,8.9,Tuesday,January,00:00.0,Satisfied
233-67-5758,Giza,Naypyitaw,Normal,Male,Health And Beauty,40.35,1,42.3675,1/29/2019,1:46:00 PM,E-Wallet,40.35,2.0175,6.2,Tuesday,January,00:00.0,not Satisfied
110-48-7033,Cairo,Mandalay,Member,Male,Fashion Accessories,32.62,4,137.004,1/29/2019,2:12:00 PM,Cash,130.48,6.524,9,Tuesday,January,00:00.0,Satisfied
137-63-5492,Giza,Naypyitaw,Normal,Male,Electronic Accessories,58.76,10,616.98,1/29/2019,2:26:00 PM,E-Wallet,587.6,29.38,9,Tuesday,January,00:00.0,Satisfied
816-72-8853,Alex,Yangon,Member,Female,Sports And Travel,27.93,5,146.6325,1/29/2019,3:48:00 PM,Cash,139.65,6.9825,5.9,Tuesday,January,00:00.0,not Satisfied
569-76-2760,Alex,Yangon,Member,Female,Sports And Travel,22.01,4,92.442,1/29/2019,6:15:00 PM,Credit Card,88.04,4.402,6.6,Tuesday,January,00:00.0,not Satisfied
800-09-8606,Alex,Yangon,Member,Female,Home And Lifestyle,87.37,5,458.6925,1/29/2019,7:45:00 PM,Cash,436.85,21.8425,6.6,Tuesday,January,00:00.0,not Satisfied
804-38-3935,Alex,Yangon,Member,Male,Electronic Accessories,93.78,3,295.407,1/30/2019,11:32:00 AM,Credit Card,281.34,14.067,5.9,Wednesday,January,00:00.0,not Satisfied
182-69-8360,Cairo,Mandalay,Normal,Female,Electronic Accessories,23.65,4,99.33,1/30/2019,1:32:00 PM,Credit Card,94.6,4.73,4,Wednesday,January,00:00.0,not Satisfied
134-54-4720,Cairo,Mandalay,Normal,Female,Electronic Accessories,42.42,8,356.328,1/30/2019,1:58:00 PM,E-Wallet,339.36,16.968,5.7,Wednesday,January,00:00.0,not Satisfied
664-14-2882,Giza,Naypyitaw,Member,Female,Home And Lifestyle,10.53,5,55.2825,1/30/2019,2:43:00 PM,Credit Card,52.65,2.6325,5.8,Wednesday,January,00:00.0,not Satisfied
416-13-5917,Giza,Naypyitaw,Normal,Female,Food And Beverages,97.03,5,509.4075,1/30/2019,4:24:00 PM,E-Wallet,485.15,24.2575,9.3,Wednesday,January,00:00.0,Satisfied
862-29-5914,Giza,Naypyitaw,Normal,Female,Sports And Travel,22.38,1,23.499,1/30/2019,5:08:00 PM,Credit Card,22.38,1.119,8.6,Wednesday,January,00:00.0,Satisfied
423-80-0988,Giza,Naypyitaw,Normal,Male,Sports And Travel,76.4,2,160.44,1/30/2019,7:42:00 PM,E-Wallet,152.8,7.64,6.5,Wednesday,January,00:00.0,not Satisfied
283-26-5248,Giza,Naypyitaw,Member,Female,Food And Beverages,98.52,10,1034.46,1/30/2019,8:23:00 PM,E-Wallet,985.2,49.26,4.5,Wednesday,January,00:00.0,not Satisfied
556-72-8512,Giza,Naypyitaw,Normal,Male,Home And Lifestyle,22.96,1,24.108,1/30/2019,8:47:00 PM,Cash,22.96,1.148,4.3,Wednesday,January,00:00.0,not Satisfied
522-57-8364,Alex,Yangon,Member,Male,Fashion Accessories,51.34,8,431.256,1/31/2019,10:00:00 AM,E-Wallet,410.72,20.536,7.6,Thursday,January,00:00.0,Satisfied
189-55-2313,Giza,Naypyitaw,Normal,Female,Fashion Accessories,62.18,10,652.89,1/31/2019,10:33:00 AM,E-Wallet,621.8,31.09,6,Thursday,January,00:00.0,not Satisfied
735-32-9839,Giza,Naypyitaw,Member,Male,Fashion Accessories,98.7,8,829.08,1/31/2019,10:36:00 AM,E-Wallet,789.6,39.48,8.5,Thursday,January,00:00.0,Satisfied
366-93-0948,Alex,Yangon,Member,Male,Electronic Accessories,66.35,1,69.6675,1/31/2019,10:46:00 AM,Credit Card,66.35,3.3175,9.7,Thursday,January,00:00.0,Satisfied
226-71-3580,Giza,Naypyitaw,Normal,Female,Sports And Travel,23.75,9,224.4375,1/31/2019,12:02:00 PM,Cash,213.75,10.6875,9.5,Thursday,January,00:00.0,Satisfied
525-88-7307,Cairo,Mandalay,Member,Male,Sports And Travel,75.82,1,79.611,1/31/2019,1:19:00 PM,Cash,75.82,3.791,5.8,Thursday,January,00:00.0,not Satisfied
239-36-3640,Cairo,Mandalay,Normal,Male,Electronic Accessories,45.35,6,285.705,1/31/2019,1:44:00 PM,E-Wallet,272.1,13.605,6.1,Thursday,January,00:00.0,not Satisfied
187-83-5490,Alex,Yangon,Member,Male,Electronic Accessories,20.77,4,87.234,1/31/2019,1:47:00 PM,Cash,83.08,4.154,4.7,Thursday,January,00:00.0,not Satisfied
532-59-7201,Cairo,Mandalay,Member,Male,Sports And Travel,79.93,6,503.559,1/31/2019,2:04:00 PM,Cash,479.58,23.979,5.5,Thursday,January,00:00.0,not Satisfied
525-09-8450,Cairo,Mandalay,Normal,Male,Electronic Accessories,72.13,10,757.365,1/31/2019,3:12:00 PM,Credit Card,721.3,36.065,4.2,Thursday,January,00:00.0,not Satisfied
583-72-1480,Giza,Naypyitaw,Member,Male,Electronic Accessories,37.06,4,155.652,1/31/2019,4:24:00 PM,E-Wallet,148.24,7.412,9.7,Thursday,January,00:00.0,Satisfied
286-75-7818,Cairo,Mandalay,Normal,Male,Fashion Accessories,69.08,2,145.068,1/31/2019,7:48:00 PM,Credit Card,138.16,6.908,6.9,Thursday,January,00:00.0,not Satisfied
457-94-0464,Cairo,Mandalay,Member,Male,Electronic Accessories,87.87,9,830.3715,1/31/2019,8:32:00 PM,E-Wallet,790.83,39.5415,5.6,Thursday,January,00:00.0,not Satisfied
834-45-5519,Cairo,Mandalay,Normal,Female,Electronic Accessories,43,4,180.6,1/31/2019,8:48:00 PM,E-Wallet,172,8.6,7.6,Thursday,January,00:00.0,Satisfied
870-76-1733,Alex,Yangon,Member,Female,Food And Beverages,14.23,5,74.7075,2/1/2019,10:08:00 AM,Credit Card,71.15,3.5575,4.4,Friday,February,00:00.0,not Satisfied
551-21-3069,Giza,Naypyitaw,Member,Female,Electronic Accessories,23.07,9,218.0115,2/1/2019,11:27:00 AM,Cash,207.63,10.3815,4.9,Friday,February,00:00.0,not Satisfied
105-31-1824,Alex,Yangon,Member,M,Sports And Travel,69.52,7,510.972,2/1/2019,3:10:00 PM,Credit Card,486.64,24.332,8.5,Friday,February,00:00.0,Satisfied
358-88-9262,Giza,Naypyitaw,Member,Female,Food And Beverages,87.48,6,551.124,2/1/2019,6:43:00 PM,E-Wallet,524.88,26.244,5.1,Friday,February,00:00.0,not Satisfied
443-82-0585,Alex,Yangon,Member,Female,Health And Beauty,77.68,4,326.256,2/1/2019,7:54:00 PM,Cash,310.72,15.536,8.4,Friday,February,00:00.0,Satisfied
237-01-6122,Giza,Naypyitaw,Member,F,Home And Lifestyle,80.79,9,763.4655,2/1/2019,8:31:00 PM,Credit Card,727.11,36.3555,9.5,Friday,February,00:00.0,Satisfied
554-53-8700,Giza,Naypyitaw,Member,Female,Home And Lifestyle,56.11,2,117.831,2/2/2019,10:11:00 AM,Cash,112.22,5.611,6.3,Saturday,February,00:00.0,not Satisfied
717-96-4189,Giza,Naypyitaw,Normal,Female,Electronic Accessories,35.49,6,223.587,2/2/2019,12:40:00 PM,Cash,212.94,10.647,4.1,Saturday,February,00:00.0,not Satisfied
376-56-3573,Giza,Naypyitaw,Normal,Female,Fashion Accessories,95.42,4,400.764,2/2/2019,1:23:00 PM,E-Wallet,381.68,19.084,6.4,Saturday,February,00:00.0,not Satisfied
756-93-1854,Giza,Naypyitaw,Member,Female,Fashion Accessories,83.35,2,175.035,2/2/2019,2:05:00 PM,Credit Card,166.7,8.335,9.5,Saturday,February,00:00.0,Satisfied
845-51-0542,Cairo,Mandalay,Member,Male,Food And Beverages,46.55,9,439.8975,2/2/2019,3:34:00 PM,E-Wallet,418.95,20.9475,6.4,Saturday,February,00:00.0,not Satisfied
420-18-8989,Alex,Yangon,Member,Female,Sports And Travel,51.52,8,432.768,2/2/2019,3:47:00 PM,Cash,412.16,20.608,9.6,Saturday,February,00:00.0,Satisfied
390-17-5806,Giza,Naypyitaw,Member,Female,Food And Beverages,38.42,1,40.341,2/2/2019,4:33:00 PM,Cash,38.42,1.921,8.6,Saturday,February,00:00.0,Satisfied
405-31-3305,Alex,Yangon,Member,Male,Fashion Accessories,43.13,10,452.865,2/2/2019,6:31:00 PM,Credit Card,431.3,21.565,5.5,Saturday,February,00:00.0,not Satisfied
376-02-8238,Cairo,Mandalay,Normal,Male,Home And Lifestyle,93.87,8,788.508,2/2/2019,6:42:00 PM,Credit Card,750.96,37.548,8.3,Saturday,February,00:00.0,Satisfied
382-03-4532,Alex,Yangon,Member,Female,Health And Beauty,18.33,1,19.246499999999997,2/2/2019,6:50:00 PM,Cash,18.33,0.9165,4.3,Saturday,February,00:00.0,not Satisfied
201-86-2184,Cairo,Mandalay,Member,Female,Electronic Accessories,26.26,7,193.011,2/2/2019,7:40:00 PM,Cash,183.82,9.191,9.9,Saturday,February,00:00.0,Satisfied
541-08-3113,Giza,Naypyitaw,Normal,Male,Food And Beverages,65.97,8,554.148,2/2/2019,8:29:00 PM,Cash,527.76,26.388,8.4,Saturday,February,00:00.0,Satisfied
418-05-0656,Cairo,Mandalay,Normal,Female,Fashion Accessories,25.56,7,187.866,2/2/2019,8:42:00 PM,Cash,178.92,8.946,7.1,Saturday,February,00:00.0,Satisfied
642-32-2990,Alex,Yangon,Member,F,Food And Beverages,10.96,10,115.08,2/2/2019,8:48:00 PM,E-Wallet,109.6,5.48,6,Saturday,February,00:00.0,not Satisfied
326-71-2155,Giza,Naypyitaw,Normal,Female,Sports And Travel,73.95,4,310.59,2/3/2019,10:02:00 AM,Cash,295.8,14.79,6.1,Sunday,February,00:00.0,not Satisfied
326-78-5178,Giza,Naypyitaw,Member,Female,Food And Beverages,91.4,7,671.79,2/3/2019,10:19:00 AM,Cash,639.8,31.99,9.5,Sunday,February,00:00.0,Satisfied
585-86-8361,Alex,Yangon,Normal,Female,Food And Beverages,27.28,5,143.22,2/3/2019,10:31:00 AM,Credit Card,136.4,6.82,8.6,Sunday,February,00:00.0,Satisfied
443-59-0061,Alex,Yangon,Member,Male,Food And Beverages,67.45,10,708.225,2/3/2019,11:25:00 AM,E-Wallet,674.5,33.725,4.2,Sunday,February,00:00.0,not Satisfied
322-02-2271,Cairo,Mandalay,Normal,Female,Sports And Travel,42.97,3,135.3555,2/3/2019,11:46:00 AM,Cash,128.91,6.4455,9.3,Sunday,February,00:00.0,Satisfied
347-34-2234,Cairo,Mandalay,Member,Female,Sports And Travel,55.07,9,718.6635,2/3/2019,1:40:00 PM,E-Wallet,495.63,24.7815,10,Sunday,February,00:00.0,Satisfied
190-59-3964,Cairo,Mandalay,Member,Male,Food And Beverages,47.16,5,247.59,2/3/2019,2:35:00 PM,Credit Card,235.8,11.79,6,Sunday,February,00:00.0,not Satisfied
430-60-3493,Alex,Yangon,Member,Female,Home And Lifestyle,94.88,7,697.368,2/3/2019,2:38:00 PM,Cash,664.16,33.208,4.2,Sunday,February,00:00.0,not Satisfied
639-76-1242,Giza,Naypyitaw,Normal,Male,Food And Beverages,40.52,5,212.73,2/3/2019,3:19:00 PM,Cash,202.6,10.13,4.5,Sunday,February,00:00.0,not Satisfied
277-63-2961,Cairo,Mandalay,Member,Male,Sports And Travel,73.97,1,77.6685,2/3/2019,3:53:00 PM,Credit Card,73.97,3.6985,5.4,Sunday,February,00:00.0,not Satisfied
566-71-1091,Alex,Yangon,Normal,Male,Fashion Accessories,77.02,5,404.355,2/3/2019,3:59:00 PM,Cash,385.1,19.255,5.5,Sunday,February,00:00.0,not Satisfied
718-57-9773,Giza,Naypyitaw,Normal,Female,Sports And Travel,49.33,10,517.965,2/3/2019,4:40:00 PM,Credit Card,493.3,24.665,9.4,Sunday,February,00:00.0,Satisfied
742-04-5161,Alex,Yangon,Member,Male,Home And Lifestyle,72.78,10,764.19,2/3/2019,5:24:00 PM,Cash,727.8,36.39,7.3,Sunday,February,00:00.0,Satisfied
676-10-2200,Cairo,Mandalay,Member,Male,Fashion Accessories,53.78,1,56.469,2/3/2019,8:13:00 PM,E-Wallet,53.78,2.689,4.7,Sunday,February,00:00.0,not Satisfied
745-71-3520,Alex,Yangon,Member,Female,Electronic Accessories,25.22,7,185.367,2/4/2019,10:23:00 AM,Cash,176.54,8.827,8.2,Monday,February,00:00.0,Satisfied
441-94-7118,Alex,Yangon,Member,Male,Electronic Accessories,71.95,1,75.5475,2/4/2019,12:14:00 PM,Cash,71.95,3.5975,7.3,Monday,February,00:00.0,Satisfied
268-20-3585,Giza,Naypyitaw,Normal,Female,Health And Beauty,13.85,9,130.8825,2/4/2019,12:50:00 PM,E-Wallet,124.65,6.2325,6,Monday,February,00:00.0,not Satisfied
627-95-3243,Cairo,Mandalay,Member,Female,Home And Lifestyle,77.68,9,734.076,2/4/2019,1:21:00 PM,E-Wallet,699.12,34.956,9.8,Monday,February,00:00.0,Satisfied
236-86-3015,Giza,Naypyitaw,Member,Male,Home And Lifestyle,13.98,1,14.679,2/4/2019,1:38:00 PM,E-Wallet,13.98,0.699,9.8,Monday,February,00:00.0,Satisfied
518-17-2983,Alex,Yangon,Normal,Female,Fashion Accessories,48.63,4,204.246,2/4/2019,3:44:00 PM,E-Wallet,194.52,9.726,7.6,Monday,February,00:00.0,Satisfied
404-91-5964,Alex,Yangon,Normal,Male,Electronic Accessories,74.58,7,548.163,2/4/2019,4:09:00 PM,Credit Card,522.06,26.103,9,Monday,February,00:00.0,Satisfied
695-28-6250,Alex,Yangon,Normal,Female,Sports And Travel,43.06,5,226.065,2/4/2019,4:38:00 PM,E-Wallet,215.3,10.765,7.7,Monday,February,00:00.0,Satisfied
434-35-9162,Cairo,Mandalay,Member,Male,Food And Beverages,23.34,4,98.028,2/4/2019,6:53:00 PM,E-Wallet,93.36,4.668,7.4,Monday,February,00:00.0,Satisfied
198-66-9832,Cairo,Mandalay,Member,Female,Fashion Accessories,72.04,2,151.284,2/4/2019,7:38:00 PM,Cash,144.08,7.204,9.5,Monday,February,00:00.0,Satisfied
151-33-7434,Cairo,Mandalay,Normal,Female,Food And Beverages,67.77,1,71.1585,2/4/2019,8:43:00 PM,Credit Card,67.77,3.3885,6.5,Monday,February,00:00.0,not Satisfied
729-09-9681,Alex,Yangon,Member,Male,Home And Lifestyle,25.91,6,163.233,2/5/2019,10:16:00 AM,E-Wallet,155.46,7.773,8.7,Tuesday,February,00:00.0,Satisfied
409-49-6995,Giza,Naypyitaw,Member,Female,Food And Beverages,47.27,6,297.801,2/5/2019,10:17:00 AM,Cash,283.62,14.181,8.8,Tuesday,February,00:00.0,Satisfied
210-67-5886,Giza,Naypyitaw,Member,F,Health And Beauty,98.21,3,309.3615,2/5/2019,10:41:00 AM,Credit Card,294.63,14.7315,7.8,Tuesday,February,00:00.0,Satisfied
479-26-8945,Cairo,Mandalay,Member,Female,Sports And Travel,16.49,2,34.629,2/5/2019,11:32:00 AM,E-Wallet,32.98,1.649,4.6,Tuesday,February,00:00.0,not Satisfied
880-35-0356,Alex,Yangon,Member,Female,Sports And Travel,75.2,3,236.88,2/5/2019,11:51:00 AM,E-Wallet,225.6,11.28,4.8,Tuesday,February,00:00.0,not Satisfied
210-57-1719,Cairo,Mandalay,Normal,Female,Health And Beauty,58.24,9,550.368,2/5/2019,12:34:00 PM,Cash,524.16,26.208,9.7,Tuesday,February,00:00.0,Satisfied
307-04-2070,Alex,Yangon,Member,Female,Fashion Accessories,30.62,1,32.151,2/5/2019,2:14:00 PM,Credit Card,30.62,1.531,4.1,Tuesday,February,00:00.0,not Satisfied
374-17-3652,Cairo,Mandalay,Member,Female,Food And Beverages,42.82,9,404.649,2/5/2019,3:26:00 PM,Credit Card,385.38,19.269,8.9,Tuesday,February,00:00.0,Satisfied
324-92-3863,Alex,Yangon,Member,Male,Electronic Accessories,20.89,2,43.869,2/5/2019,6:45:00 PM,Cash,41.78,2.089,9.8,Tuesday,February,00:00.0,Satisfied
181-94-6432,Giza,Naypyitaw,Member,Male,Fashion Accessories,69.33,2,145.593,2/5/2019,7:05:00 PM,E-Wallet,138.66,6.933,9.7,Tuesday,February,00:00.0,Satisfied
325-89-4209,Alex,Yangon,Member,Male,Food And Beverages,87.9,1,92.295,2/5/2019,7:42:00 PM,E-Wallet,87.9,4.395,6.7,Tuesday,February,00:00.0,not Satisfied
338-65-2210,Giza,Naypyitaw,Member,Female,Health And Beauty,68.6,10,720.3,2/5/2019,7:57:00 PM,Cash,686,34.3,9.1,Tuesday,February,00:00.0,Satisfied
471-06-8611,Giza,Naypyitaw,Normal,Female,Food And Beverages,52.419999999999995,1,55.041,2/6/2019,10:22:00 AM,Credit Card,52.42,2.621,6.3,Wednesday,February,00:00.0,not Satisfied
183-56-6882,Giza,Naypyitaw,Member,Female,Food And Beverages,99.42,4,417.564,2/6/2019,10:42:00 AM,E-Wallet,397.68,19.884,7.5,Wednesday,February,00:00.0,Satisfied
609-81-8548,Alex,Yangon,Member,Female,Home And Lifestyle,37.44,6,235.872,2/6/2019,1:55:00 PM,Credit Card,224.64,11.232,5.9,Wednesday,February,00:00.0,not Satisfied
149-14-0304,Giza,Naypyitaw,Member,Female,Health And Beauty,28.5,8,239.4,2/6/2019,2:24:00 PM,Cash,228,11.4,6.6,Wednesday,February,00:00.0,not Satisfied
875-46-5808,Cairo,Mandalay,Member,Male,Health And Beauty,25.9,10,271.95,2/6/2019,2:51:00 PM,E-Wallet,259,12.95,8.7,Wednesday,February,00:00.0,Satisfied
811-35-1094,Cairo,Mandalay,Member,Male,Electronic Accessories,50.45,6,317.835,2/6/2019,3:16:00 PM,Credit Card,302.7,15.135,8.9,Wednesday,February,00:00.0,Satisfied
727-46-3608,Cairo,Mandalay,Member,Female,Food And Beverages,20.01,9,189.0945,2/6/2019,3:47:00 PM,E-Wallet,180.09,9.0045,4.1,Wednesday,February,00:00.0,not Satisfied
595-86-2894,Giza,Naypyitaw,Member,Male,Fashion Accessories,96.98,4,407.316,2/6/2019,5:20:00 PM,E-Wallet,387.92,19.396,9.4,Wednesday,February,00:00.0,Satisfied
258-92-7466,Alex,Yangon,Normal,Female,Health And Beauty,35.68,5,187.32,2/6/2019,6:33:00 PM,Credit Card,178.4,8.92,6.6,Wednesday,February,00:00.0,not Satisfied
373-88-1424,Giza,Naypyitaw,Member,Male,Home And Lifestyle,35.81,5,188.0025,2/6/2019,6:44:00 PM,E-Wallet,179.05,8.9525,7.9,Wednesday,February,00:00.0,Satisfied
857-67-9057,Cairo,Mandalay,Normal,Male,Electronic Accessories,22.95,10,240.975,2/6/2019,7:20:00 PM,E-Wallet,229.5,11.475,8.2,Wednesday,February,00:00.0,Satisfied
512-91-0811,Giza,Naypyitaw,Member,Female,Health And Beauty,89.75,1,94.2375,2/6/2019,8:05:00 PM,Credit Card,89.75,4.4875,6.6,Wednesday,February,00:00.0,not Satisfied
453-33-6436,Alex,Yangon,Normal,Female,Home And Lifestyle,93.12,8,782.208,2/7/2019,10:09:00 AM,Cash,744.96,37.248,6.8,Thursday,February,00:00.0,not Satisfied
421-95-9805,Alex,Yangon,Normal,Female,Electronic Accessories,28.96,1,30.408,2/7/2019,10:18:00 AM,Credit Card,28.96,1.448,6.2,Thursday,February,00:00.0,not Satisfied
635-40-6220,Alex,Yangon,Member,Female,Health And Beauty,89.6,8,1003.52,2/7/2019,11:28:00 AM,E-Wallet,716.8,35.84,6.6,Thursday,February,00:00.0,not Satisfied
827-44-5872,Cairo,Mandalay,Member,Female,Food And Beverages,54.36,10,570.78,2/7/2019,11:28:00 AM,Credit Card,543.6,27.18,6.1,Thursday,February,00:00.0,not Satisfied
583-41-4548,Giza,Naypyitaw,Normal,Male,Home And Lifestyle,16.67,7,122.5245,2/7/2019,11:36:00 AM,E-Wallet,116.69,5.8345,7.4,Thursday,February,00:00.0,Satisfied
626-43-7888,Giza,Naypyitaw,Normal,Female,Fashion Accessories,60.41,8,507.444,2/7/2019,12:23:00 PM,E-Wallet,483.28,24.164,9.6,Thursday,February,00:00.0,Satisfied
380-94-4661,Giza,Naypyitaw,Member,Male,Electronic Accessories,65.94,4,276.948,2/7/2019,1:05:00 PM,Credit Card,263.76,13.188,6.9,Thursday,February,00:00.0,not Satisfied
560-49-6611,Alex,Yangon,Member,Female,Sports And Travel,45.58,1,47.859,2/7/2019,2:13:00 PM,Cash,45.58,2.279,9.8,Thursday,February,00:00.0,Satisfied
784-21-9238,Giza,Naypyitaw,Member,Male,Sports And Travel,10.17,1,10.6785,2/7/2019,2:15:00 PM,Cash,10.17,0.5085,5.9,Thursday,February,00:00.0,not Satisfied
648-94-3045,Giza,Naypyitaw,Normal,Male,Health And Beauty,58.95,10,618.975,2/7/2019,2:27:00 PM,E-Wallet,589.5,29.475,8.1,Thursday,February,00:00.0,Satisfied
810-60-6344,Giza,Naypyitaw,Normal,Female,Electronic Accessories,40.86,8,343.224,2/7/2019,2:38:00 PM,Credit Card,326.88,16.344,6.5,Thursday,February,00:00.0,not Satisfied
114-35-5271,Cairo,Mandalay,Normal,Female,Electronic Accessories,57.91,8,486.444,2/7/2019,3:06:00 PM,Cash,463.28,23.164,8.1,Thursday,February,00:00.0,Satisfied
430-02-3888,Cairo,Mandalay,Normal,Male,Electronic Accessories,46.02,6,289.926,2/7/2019,3:55:00 PM,Cash,276.12,13.806,7.1,Thursday,February,00:00.0,Satisfied
641-96-3695,Giza,Naypyitaw,Member,Female,Fashion Accessories,43.46,6,273.798,2/7/2019,5:55:00 PM,E-Wallet,260.76,13.038,8.5,Thursday,February,00:00.0,Satisfied
744-82-9138,Giza,Naypyitaw,Normal,Male,Fashion Accessories,86.13,2,180.873,2/7/2019,5:59:00 PM,Cash,172.26,8.613,8.2,Thursday,February,00:00.0,Satisfied
214-17-6927,Giza,Naypyitaw,Normal,Female,Food And Beverages,16.48,6,103.824,2/7/2019,6:23:00 PM,E-Wallet,98.88,4.944,9.9,Thursday,February,00:00.0,Satisfied
868-81-1752,Cairo,Mandalay,Normal,Male,Home And Lifestyle,22.02,9,208.089,2/7/2019,6:48:00 PM,Cash,198.18,9.909,6.8,Thursday,February,00:00.0,not Satisfied
374-38-5555,Cairo,Mandalay,Normal,Female,Fashion Accessories,63.71,5,334.4775,2/7/2019,7:30:00 PM,E-Wallet,318.55,15.9275,8.5,Thursday,February,00:00.0,Satisfied
533-33-5337,Cairo,Mandalay,Normal,Male,Electronic Accessories,79.39,10,833.595,2/7/2019,8:24:00 PM,Cash,793.9,39.695,6.2,Thursday,February,00:00.0,not Satisfied
732-04-5373,Cairo,Mandalay,Member,Male,Home And Lifestyle,46.47,4,195.174,2/8/2019,10:53:00 AM,Cash,185.88,9.294,7,Friday,February,00:00.0,Satisfied
181-82-6255,Cairo,Mandalay,Normal,Female,Home And Lifestyle,16.37,6,103.131,2/8/2019,10:58:00 AM,Cash,98.22,4.911,7,Friday,February,00:00.0,Satisfied
549-84-7482,Cairo,Mandalay,Member,Female,Sports And Travel,90.28,9,853.146,2/8/2019,11:15:00 AM,E-Wallet,812.52,40.626,7.2,Friday,February,00:00.0,Satisfied
756-49-0168,Alex,Yangon,Member,Male,Fashion Accessories,19.7,1,20.685,2/8/2019,11:39:00 AM,E-Wallet,19.7,0.985,9.5,Friday,February,00:00.0,Satisfied
815-04-6282,Giza,Naypyitaw,Member,Female,Sports And Travel,64.97,5,341.0925,2/8/2019,12:52:00 PM,Credit Card,324.85,16.2425,6.5,Friday,February,00:00.0,not Satisfied
271-88-8734,Giza,Naypyitaw,Member,Female,Fashion Accessories,97.21,10,1020.705,2/8/2019,1:00:00 PM,Credit Card,972.1,48.605,8.7,Friday,February,00:00.0,Satisfied
354-25-5821,Cairo,Mandalay,Member,Female,Sports And Travel,69.12,6,435.456,2/8/2019,1:03:00 PM,Cash,414.72,20.736,5.6,Friday,February,00:00.0,not Satisfied
440-59-5691,Giza,Naypyitaw,Member,Female,Health And Beauty,37.15,7,273.0525,2/8/2019,1:12:00 PM,Credit Card,260.05,13.0025,7.7,Friday,February,00:00.0,Satisfied
830-58-2383,Cairo,Mandalay,Normal,Male,Home And Lifestyle,31.75,4,133.35,2/8/2019,3:26:00 PM,Cash,127,6.35,8.6,Friday,February,00:00.0,Satisfied
649-29-6775,Cairo,Mandalay,Member,Female,Fashion Accessories,33.52,1,35.196,2/8/2019,3:31:00 PM,Cash,33.52,1.676,6.7,Friday,February,00:00.0,not Satisfied
687-47-8271,Alex,Yangon,Normal,M,Fashion Accessories,98.98,10,1039.29,2/8/2019,4:20:00 PM,Credit Card,989.8,49.49,8.7,Friday,February,00:00.0,Satisfied
130-98-8941,Giza,Naypyitaw,Normal,Male,Fashion Accessories,64.26,7,472.311,2/9/2019,10:00:00 AM,Cash,449.82,22.491,5.7,Saturday,February,00:00.0,not Satisfied
746-19-0921,Giza,Naypyitaw,Normal,Male,Food And Beverages,21.58,1,22.659,2/9/2019,10:02:00 AM,E-Wallet,21.58,1.079,7.2,Saturday,February,00:00.0,Satisfied
428-83-5800,Giza,Naypyitaw,Member,Female,Food And Beverages,21.08,3,66.402,2/9/2019,10:25:00 AM,Cash,63.24,3.162,7.3,Saturday,February,00:00.0,Satisfied
447-15-7839,Alex,Yangon,Member,Female,Sports And Travel,22.24,10,233.52,2/9/2019,11:00:00 AM,Cash,222.4,11.12,4.2,Saturday,February,00:00.0,not Satisfied
200-40-6154,Cairo,Mandalay,Member,Male,Home And Lifestyle,65.91,6,415.233,2/9/2019,11:45:00 AM,Cash,395.46,19.773,5.7,Saturday,February,00:00.0,not Satisfied
509-10-0516,Cairo,Mandalay,Normal,Male,Home And Lifestyle,45.97,4,193.074,2/9/2019,12:02:00 PM,E-Wallet,183.88,9.194,5.1,Saturday,February,00:00.0,not Satisfied
871-39-9221,Giza,Naypyitaw,Member,Female,Electronic Accessories,12.45,6,78.435,2/9/2019,1:11:00 PM,Cash,74.7,3.735,4.1,Saturday,February,00:00.0,not Satisfied
727-02-1313,Alex,Yangon,Member,Male,Food And Beverages,31.84,1,33.432,2/9/2019,1:22:00 PM,Cash,31.84,1.592,7.7,Saturday,February,00:00.0,Satisfied
602-80-9671,Giza,Naypyitaw,Member,Female,Home And Lifestyle,15.95,6,100.485,2/9/2019,5:15:00 PM,Credit Card,95.7,4.785,5.1,Saturday,February,00:00.0,not Satisfied
450-42-3339,Giza,Naypyitaw,Normal,Male,Health And Beauty,84.61,10,888.405,2/9/2019,6:58:00 PM,Credit Card,846.1,42.305,8.8,Saturday,February,00:00.0,Satisfied
146-09-5432,Alex,Yangon,Member,Male,Food And Beverages,35.04,9,331.128,2/9/2019,7:17:00 PM,E-Wallet,315.36,15.768,4.6,Saturday,February,00:00.0,not Satisfied
866-05-7563,Cairo,Mandalay,Member,Female,Electronic Accessories,81.4,3,256.41,2/9/2019,7:43:00 PM,Cash,244.2,12.21,4.8,Saturday,February,00:00.0,not Satisfied
747-58-7183,Cairo,Mandalay,Normal,Male,Fashion Accessories,57.27,3,180.4005,2/9/2019,8:31:00 PM,E-Wallet,171.81,8.5905,6.5,Saturday,February,00:00.0,not Satisfied
685-64-1609,Alex,Yangon,Member,Female,Fashion Accessories,30.14,10,316.47,2/10/2019,12:28:00 PM,E-Wallet,301.4,15.07,9.2,Sunday,February,00:00.0,Satisfied
669-54-1719,Cairo,Mandalay,Member,Female,Electronic Accessories,18.93,6,119.259,2/10/2019,12:45:00 PM,Credit Card,113.58,5.679,8.1,Sunday,February,00:00.0,Satisfied
400-60-7251,Alex,Yangon,Normal,Male,Home And Lifestyle,74.07,1,77.7735,2/10/2019,12:50:00 PM,E-Wallet,74.07,3.7035,9.9,Sunday,February,00:00.0,Satisfied
559-98-9873,Alex,Yangon,Member,Female,Fashion Accessories,53.65,7,394.3275,2/10/2019,12:56:00 PM,E-Wallet,375.55,18.7775,5.2,Sunday,February,00:00.0,not Satisfied
448-34-8700,Cairo,Mandalay,Member,Male,Home And Lifestyle,36.91,7,271.2885,2/10/2019,1:51:00 PM,E-Wallet,258.37,12.9185,6.7,Sunday,February,00:00.0,not Satisfied
196-01-2849,Giza,Naypyitaw,Member,Female,Fashion Accessories,73.38,7,539.343,2/10/2019,1:56:00 PM,Cash,513.66,25.683,9.5,Sunday,February,00:00.0,Satisfied
162-48-8011,Alex,Yangon,Member,Female,Food And Beverages,44.59,5,234.0975,2/10/2019,3:10:00 PM,Cash,222.95,11.1475,8.5,Sunday,February,00:00.0,Satisfied
838-78-4295,Giza,Naypyitaw,Member,Female,Health And Beauty,33.47,2,73.634,2/10/2019,3:43:00 PM,E-Wallet,66.94,3.347,6.7,Sunday,February,00:00.0,not Satisfied
378-07-7001,Cairo,Mandalay,Member,Male,Electronic Accessories,48.09,3,151.4835,2/10/2019,6:23:00 PM,Credit Card,144.27,7.2135,7.8,Sunday,February,00:00.0,Satisfied
695-51-0018,Cairo,Mandalay,Normal,Female,Sports And Travel,34.84,4,146.328,2/10/2019,6:36:00 PM,Cash,139.36,6.968,7.4,Sunday,February,00:00.0,Satisfied
227-07-4446,Giza,Naypyitaw,Member,Female,Electronic Accessories,78.13,10,820.365,2/10/2019,8:51:00 PM,Cash,781.3,39.065,4.4,Sunday,February,00:00.0,not Satisfied
842-40-8179,Cairo,Mandalay,Member,Female,Food And Beverages,77.2,10,810.6,2/11/2019,10:38:00 AM,Credit Card,772,38.6,5.6,Monday,February,00:00.0,not Satisfied
284-34-9626,Cairo,Mandalay,Normal,Female,Home And Lifestyle,77.04,3,242.676,2/11/2019,10:39:00 AM,Credit Card,231.12,11.556,7.2,Monday,February,00:00.0,Satisfied
418-02-5978,Cairo,Mandalay,Normal,Female,Health And Beauty,84.09,9,794.6505,2/11/2019,10:54:00 AM,Cash,756.81,37.8405,8,Monday,February,00:00.0,Satisfied
531-56-4728,Alex,Yangon,Normal,Male,Home And Lifestyle,80.08,3,252.252,2/11/2019,3:29:00 PM,Cash,240.24,12.012,5.4,Monday,February,00:00.0,not Satisfied
866-99-7614,Giza,Naypyitaw,Normal,Male,Food And Beverages,89.2,10,936.6,2/11/2019,3:42:00 PM,Credit Card,892,44.6,4.4,Monday,February,00:00.0,not Satisfied
534-53-3526,Alex,Yangon,Normal,Female,Sports And Travel,94.76,4,397.992,2/11/2019,4:06:00 PM,E-Wallet,379.04,18.952,7.8,Monday,February,00:00.0,Satisfied
796-12-2025,Giza,Naypyitaw,Member,Female,Fashion Accessories,62.12,10,931.8,2/11/2019,4:19:00 PM,Cash,621.2,31.06,5.9,Monday,February,00:00.0,not Satisfied
401-09-4232,Giza,Naypyitaw,Member,Male,Home And Lifestyle,86.69,5,455.1225,2/11/2019,6:38:00 PM,E-Wallet,433.45,21.6725,9.4,Monday,February,00:00.0,Satisfied
549-03-9315,Cairo,Mandalay,Normal,Male,Fashion Accessories,94.87,8,796.908,2/12/2019,12:58:00 PM,E-Wallet,758.96,37.948,8.7,Tuesday,February,00:00.0,Satisfied
373-14-0504,Alex,Yangon,Member,Female,Sports And Travel,71.63,2,150.423,2/12/2019,2:33:00 PM,E-Wallet,143.26,7.163,8.8,Tuesday,February,00:00.0,Satisfied
641-51-2661,Giza,Naypyitaw,Member,Female,Food And Beverages,87.1,10,914.55,2/12/2019,2:45:00 PM,Credit Card,871,43.55,9.9,Tuesday,February,00:00.0,Satisfied
305-18-3552,Cairo,Mandalay,Member,Male,Home And Lifestyle,60.38,10,633.99,2/12/2019,4:19:00 PM,Cash,603.8,30.19,6,Tuesday,February,00:00.0,not Satisfied
885-56-0389,Giza,Naypyitaw,Member,Male,Fashion Accessories,52.35,1,54.9675,2/12/2019,5:49:00 PM,Cash,52.35,2.6175,4,Tuesday,February,00:00.0,not Satisfied
287-83-1405,Alex,Yangon,Normal,Male,Health And Beauty,25.43,6,160.209,2/12/2019,7:01:00 PM,E-Wallet,152.58,7.629,7,Tuesday,February,00:00.0,Satisfied
528-87-5606,Cairo,Mandalay,Member,Female,Electronic Accessories,39.48,1,41.454,2/12/2019,7:43:00 PM,Cash,39.48,1.974,6.5,Tuesday,February,00:00.0,not Satisfied
139-52-2867,Giza,Naypyitaw,Normal,Female,Fashion Accessories,22.51,7,165.4485,2/13/2019,10:50:00 AM,Credit Card,157.57,7.8785,4.8,Wednesday,February,00:00.0,not Satisfied
173-50-1108,Cairo,Mandalay,Member,Female,Sports And Travel,20.18,4,84.756,2/13/2019,12:14:00 PM,Credit Card,80.72,4.036,5,Wednesday,February,00:00.0,not Satisfied
151-16-1484,Alex,Yangon,Member,Male,Electronic Accessories,32.25,4,135.45,2/13/2019,12:38:00 PM,E-Wallet,129,6.45,6.5,Wednesday,February,00:00.0,not Satisfied
388-76-2555,Cairo,Mandalay,Normal,Male,Sports And Travel,13.69,6,86.247,2/13/2019,1:59:00 PM,Cash,82.14,4.107,6.3,Wednesday,February,00:00.0,not Satisfied
339-18-7061,Giza,Naypyitaw,Member,Female,Fashion Accessories,92.98,2,195.258,2/13/2019,3:06:00 PM,Credit Card,185.96,9.298,8,Wednesday,February,00:00.0,Satisfied
767-54-1907,Cairo,Mandalay,Member,Female,Fashion Accessories,29.56,5,155.19,2/13/2019,4:59:00 PM,Cash,147.8,7.39,6.9,Wednesday,February,00:00.0,not Satisfied
549-23-9016,Giza,Naypyitaw,Member,Female,Food And Beverages,14.87,2,31.227,2/13/2019,6:15:00 PM,Credit Card,29.74,1.487,8.9,Wednesday,February,00:00.0,Satisfied
563-36-9814,Alex,Yangon,Member,Male,Electronic Accessories,76.82,1,80.661,2/13/2019,6:27:00 PM,E-Wallet,76.82,3.841,7.2,Wednesday,February,00:00.0,Satisfied
235-46-8343,Giza,Naypyitaw,Member,Male,Food And Beverages,27.66,10,290.43,2/14/2019,11:26:00 AM,Credit Card,276.6,13.83,8.9,Thursday,February,00:00.0,Satisfied
109-86-4363,Cairo,Mandalay,Member,Female,Sports And Travel,60.08,7,441.588,2/14/2019,11:36:00 AM,Credit Card,420.56,21.028,4.5,Thursday,February,00:00.0,not Satisfied
545-07-8534,Giza,Naypyitaw,Normal,Female,Health And Beauty,58.32,2,122.472,2/14/2019,12:42:00 PM,E-Wallet,116.64,5.832,6,Thursday,February,00:00.0,not Satisfied
853-23-2453,Cairo,Mandalay,Member,Female,Health And Beauty,75.74,4,363.55199999999996,2/14/2019,2:35:00 PM,Cash,302.96,15.148,7.6,Thursday,February,00:00.0,Satisfied
528-14-9470,Alex,Yangon,Member,Male,Health And Beauty,91.3,1,95.865,2/14/2019,2:42:00 PM,E-Wallet,91.3,4.565,9.2,Thursday,February,00:00.0,Satisfied
150-89-8043,Alex,Yangon,Normal,Male,Sports And Travel,44.65,3,140.6475,2/14/2019,3:04:00 PM,Cash,133.95,6.6975,6.2,Thursday,February,00:00.0,not Satisfied
638-60-7125,Alex,Yangon,Member,F,Electronic Accessories,99.56,8,836.304,2/14/2019,5:03:00 PM,Credit Card,796.48,39.824,5.2,Thursday,February,00:00.0,not Satisfied
174-36-3675,Giza,Naypyitaw,Member,Male,Food And Beverages,99.37,2,208.677,2/14/2019,5:29:00 PM,Cash,198.74,9.937,5.2,Thursday,February,00:00.0,not Satisfied
305-03-2383,Alex,Yangon,Normal,Female,Food And Beverages,67.1,3,211.365,2/15/2019,10:36:00 AM,Cash,201.3,10.065,7.5,Friday,February,00:00.0,Satisfied
233-34-0817,Giza,Naypyitaw,Member,Female,Electronic Accessories,98.84,1,103.782,2/15/2019,11:21:00 AM,Cash,98.84,4.942,8.4,Friday,February,00:00.0,Satisfied
246-11-3901,Giza,Naypyitaw,Normal,Female,Electronic Accessories,32.8,10,344.4,2/15/2019,12:12:00 PM,Cash,328,16.4,6.2,Friday,February,00:00.0,not Satisfied
541-89-9860,Giza,Naypyitaw,Member,Female,Fashion Accessories,80.48,3,253.512,2/15/2019,12:31:00 PM,Cash,241.44,12.072,8.1,Friday,February,00:00.0,Satisfied
394-43-4238,Cairo,Mandalay,Member,Male,Home And Lifestyle,17.77,5,93.2925,2/15/2019,12:42:00 PM,Credit Card,88.85,4.4425,5.4,Friday,February,00:00.0,not Satisfied
227-78-1148,Cairo,Mandalay,Member,F,Fashion Accessories,72.84,7,535.374,2/15/2019,12:44:00 PM,Cash,509.88,25.494,8.4,Friday,February,00:00.0,Satisfied
152-68-2907,Alex,Yangon,Normal,Male,Food And Beverages,52.2,3,164.43,2/15/2019,1:30:00 PM,Credit Card,156.6,7.83,9.5,Friday,February,00:00.0,Satisfied
234-36-2483,Cairo,Mandalay,Normal,Male,Health And Beauty,57.59,6,362.817,2/15/2019,1:51:00 PM,Cash,345.54,17.277,5.1,Friday,February,00:00.0,not Satisfied
710-46-4433,Cairo,Mandalay,Member,Female,Food And Beverages,77.4,9,731.43,2/15/2019,2:15:00 PM,Credit Card,696.6,34.83,4.5,Friday,February,00:00.0,not Satisfied
860-79-0874,Giza,Naypyitaw,Member,Female,Fashion Accessories,99.3,10,1042.65,2/15/2019,2:53:00 PM,Credit Card,993,49.65,6.6,Friday,February,00:00.0,not Satisfied
497-36-0989,Alex,Yangon,Normal,Male,Fashion Accessories,51.94,3,163.611,2/15/2019,3:21:00 PM,Cash,155.82,7.791,7.9,Friday,February,00:00.0,Satisfied
136-08-6195,Alex,Yangon,Normal,Female,Home And Lifestyle,69.96,8,587.664,2/15/2019,5:01:00 PM,Credit Card,559.68,27.984,6.4,Friday,February,00:00.0,not Satisfied
556-41-6224,Giza,Naypyitaw,Normal,Male,Health And Beauty,33.64,8,282.576,2/15/2019,5:10:00 PM,Credit Card,269.12,13.456,9.3,Friday,February,00:00.0,Satisfied
321-49-7382,Cairo,Mandalay,Member,Male,Sports And Travel,88.31,1,92.7255,2/15/2019,5:38:00 PM,Credit Card,88.31,4.4155,5.2,Friday,February,00:00.0,not Satisfied
285-68-5083,Giza,Naypyitaw,Member,Female,Sports And Travel,24.74,3,85.353,2/15/2019,5:47:00 PM,Credit Card,74.22,3.711,10,Friday,February,00:00.0,Satisfied
372-94-8041,Alex,Yangon,Normal,Male,Health And Beauty,15.26,6,96.138,2/15/2019,6:03:00 PM,E-Wallet,91.56,4.578,9.8,Friday,February,00:00.0,Satisfied
873-95-4984,Cairo,Mandalay,Member,Female,Health And Beauty,76.9,7,565.215,2/15/2019,8:21:00 PM,Cash,538.3,26.915,7.7,Friday,February,00:00.0,Satisfied
400-80-4065,Giza,Naypyitaw,Member,Male,Health And Beauty,68.55,4,287.91,2/15/2019,8:21:00 PM,Credit Card,274.2,13.71,9.2,Friday,February,00:00.0,Satisfied
431-66-2305,Cairo,Mandalay,Normal,Female,Electronic Accessories,88.25,9,833.9625,2/15/2019,8:51:00 PM,Credit Card,794.25,39.7125,7.6,Friday,February,00:00.0,Satisfied
873-14-6353,Alex,Yangon,Member,Male,Food And Beverages,24.82,7,182.427,2/16/2019,10:33:00 AM,Credit Card,173.74,8.687,7.1,Saturday,February,00:00.0,Satisfied
895-03-6665,Cairo,Mandalay,Normal,Female,Fashion Accessories,36.51,9,345.0195,2/16/2019,10:52:00 AM,Cash,328.59,16.4295,4.2,Saturday,February,00:00.0,not Satisfied
241-72-9525,Cairo,Mandalay,Normal,Female,Sports And Travel,51.91,10,545.055,2/16/2019,12:21:00 PM,Cash,519.1,25.955,8.2,Saturday,February,00:00.0,Satisfied
408-66-6712,Giza,Naypyitaw,Member,Female,Health And Beauty,47.71,6,300.573,2/16/2019,2:19:00 PM,E-Wallet,286.26,14.313,4.4,Saturday,February,00:00.0,not Satisfied
598-06-7312,Cairo,Mandalay,Member,Male,Fashion Accessories,91.35,1,95.9175,2/16/2019,3:42:00 PM,Cash,91.35,4.5675,6.8,Saturday,February,00:00.0,not Satisfied
273-84-2164,Giza,Naypyitaw,Member,Male,Electronic Accessories,12.05,5,63.2625,2/16/2019,3:53:00 PM,E-Wallet,60.25,3.0125,5.5,Saturday,February,00:00.0,not Satisfied
587-03-7455,Giza,Naypyitaw,Member,Female,Fashion Accessories,97.79,7,718.7565,2/16/2019,5:30:00 PM,E-Wallet,684.53,34.2265,4.9,Saturday,February,00:00.0,not Satisfied
133-77-3154,Cairo,Mandalay,Member,Male,Fashion Accessories,60.18,4,252.756,2/16/2019,6:04:00 PM,Credit Card,240.72,12.036,9.4,Saturday,February,00:00.0,Satisfied
612-36-5536,Alex,Yangon,Member,Male,Food And Beverages,80.96,8,680.064,2/17/2019,11:12:00 AM,Credit Card,647.68,32.384,7.4,Sunday,February,00:00.0,Satisfied
636-48-8204,Alex,Yangon,Member,Female,Electronic Accessories,34.56,5,181.44,2/17/2019,11:15:00 AM,E-Wallet,172.8,8.64,9.9,Sunday,February,00:00.0,Satisfied
788-21-5741,Alex,Yangon,Normal,Male,Fashion Accessories,45.38,3,142.947,2/17/2019,1:34:00 PM,Credit Card,136.14,6.807,7.2,Sunday,February,00:00.0,Satisfied
590-83-4591,Cairo,Mandalay,Member,Female,Electronic Accessories,87.45,6,550.935,2/17/2019,2:40:00 PM,Credit Card,524.7,26.235,8.8,Sunday,February,00:00.0,Satisfied
785-96-0615,Cairo,Mandalay,Member,Female,Electronic Accessories,35.74,8,300.216,2/17/2019,3:28:00 PM,E-Wallet,285.92,14.296,4.9,Sunday,February,00:00.0,not Satisfied
131-70-8179,Alex,Yangon,Member,Female,Health And Beauty,92.09,3,290.0835,2/17/2019,4:27:00 PM,Cash,276.27,13.8135,4.2,Sunday,February,00:00.0,not Satisfied
201-63-8275,Giza,Naypyitaw,Member,Female,Sports And Travel,67.99,7,499.7265,2/17/2019,4:50:00 PM,E-Wallet,475.93,23.7965,5.7,Sunday,February,00:00.0,not Satisfied
803-17-8013,Alex,Yangon,Member,Female,Home And Lifestyle,88.79,8,745.836,2/17/2019,5:09:00 PM,Cash,710.32,35.516,4.1,Sunday,February,00:00.0,not Satisfied
634-97-8956,Alex,Yangon,Normal,Male,Food And Beverages,32.9,3,103.635,2/17/2019,5:27:00 PM,Credit Card,98.7,4.935,9.1,Sunday,February,00:00.0,Satisfied
389-25-3394,Giza,Naypyitaw,Normal,Male,Electronic Accessories,11.81,5,62.0025,2/17/2019,6:06:00 PM,Cash,59.05,2.9525,9.4,Sunday,February,00:00.0,Satisfied
123-35-4896,Giza,Naypyitaw,Normal,Female,Sports And Travel,46.66,9,440.937,2/17/2019,7:11:00 PM,E-Wallet,419.94,20.997,5.3,Sunday,February,00:00.0,not Satisfied
827-77-7633,Alex,Yangon,Normal,Male,Sports And Travel,98.09,9,926.9505,2/17/2019,7:41:00 PM,Cash,882.81,44.1405,9.3,Sunday,February,00:00.0,Satisfied
420-11-4919,Giza,Naypyitaw,Member,Female,Food And Beverages,71.39,5,374.7975,2/17/2019,7:57:00 PM,Credit Card,356.95,17.8475,5.5,Sunday,February,00:00.0,not Satisfied
652-49-6720,Giza,Naypyitaw,Member,Female,Electronic Accessories,60.95,1,63.9975,2/18/2019,11:40:00 AM,E-Wallet,60.95,3.0475,5.9,Monday,February,00:00.0,not Satisfied
849-09-3807,Alex,Yangon,Member,Female,Fashion Accessories,88.34,7,649.299,2/18/2019,1:28:00 PM,Cash,618.38,30.919,6.6,Monday,February,00:00.0,not Satisfied
764-44-8999,Cairo,Mandalay,Normal,Female,Health And Beauty,14.76,2,30.996,2/18/2019,2:42:00 PM,E-Wallet,29.52,1.476,4.3,Monday,February,00:00.0,not Satisfied
354-39-5160,Alex,Yangon,Member,Female,Home And Lifestyle,34.42,6,216.846,2/18/2019,3:39:00 PM,Cash,206.52,10.326,9.8,Monday,February,00:00.0,Satisfied
787-15-1757,Giza,Naypyitaw,Member,Male,Health And Beauty,44.07,4,185.094,2/18/2019,4:28:00 PM,E-Wallet,176.28,8.814,8.4,Monday,February,00:00.0,Satisfied
597-78-7908,Giza,Naypyitaw,Normal,Female,Fashion Accessories,90.22,3,284.193,2/18/2019,7:39:00 PM,Cash,270.66,13.533,6.2,Monday,February,00:00.0,not Satisfied
278-97-7759,Alex,Yangon,Member,Female,Electronic Accessories,62.48,1,65.604,2/18/2019,8:29:00 PM,Cash,62.48,3.124,4.7,Monday,February,00:00.0,not Satisfied
409-33-9708,Alex,Yangon,Normal,Female,Fashion Accessories,98.48,2,206.808,2/19/2019,10:12:00 AM,E-Wallet,196.96,9.848,9.2,Tuesday,February,00:00.0,Satisfied
886-77-9084,Giza,Naypyitaw,Normal,Male,Electronic Accessories,71.89,8,603.876,2/19/2019,11:33:00 AM,E-Wallet,575.12,28.756,5.5,Tuesday,February,00:00.0,not Satisfied
449-16-6770,Alex,Yangon,Normal,Male,Health And Beauty,50.79,5,266.6475,2/19/2019,2:53:00 PM,Credit Card,253.95,12.6975,5.3,Tuesday,February,00:00.0,not Satisfied
384-59-6655,Alex,Yangon,Member,Female,Food And Beverages,98.66,9,932.337,2/19/2019,3:07:00 PM,Cash,887.94,44.397,8.4,Tuesday,February,00:00.0,Satisfied
183-21-3799,Giza,Naypyitaw,Normal,Female,Electronic Accessories,77.63,9,733.6035,2/19/2019,3:14:00 PM,E-Wallet,698.67,34.9335,7.2,Tuesday,February,00:00.0,Satisfied
272-27-9238,Giza,Naypyitaw,Normal,Female,Food And Beverages,41.24,4,173.208,2/19/2019,4:23:00 PM,Cash,164.96,8.248,7.1,Tuesday,February,00:00.0,Satisfied
629-42-4133,Giza,Naypyitaw,Normal,Male,Health And Beauty,21.8,8,183.12,2/19/2019,7:24:00 PM,Cash,174.4,8.72,8.3,Tuesday,February,00:00.0,Satisfied
752-23-3760,Cairo,Mandalay,Member,Female,Sports And Travel,64.08,7,470.988,2/19/2019,7:29:00 PM,Credit Card,448.56,22.428,7.3,Tuesday,February,00:00.0,Satisfied
868-06-0466,Alex,Yangon,Member,Male,Electronic Accessories,69.58,9,657.531,2/19/2019,7:38:00 PM,Credit Card,626.22,31.311,7.8,Tuesday,February,00:00.0,Satisfied
779-42-2410,Cairo,Mandalay,Member,Male,Food And Beverages,57.74,3,181.881,2/20/2019,1:06:00 PM,E-Wallet,173.22,8.661,7.7,Wednesday,February,00:00.0,Satisfied
848-95-6252,Giza,Naypyitaw,Member,Female,Home And Lifestyle,86.27,1,90.5835,2/20/2019,1:24:00 PM,E-Wallet,86.27,4.3135,7,Wednesday,February,00:00.0,Satisfied
311-13-6971,Cairo,Mandalay,Member,Male,Sports And Travel,31.99,10,335.895,2/20/2019,3:18:00 PM,Credit Card,319.9,15.995,9.9,Wednesday,February,00:00.0,Satisfied
548-46-9322,Cairo,Mandalay,Normal,Male,Food And Beverages,39.9,10,418.95,2/20/2019,3:24:00 PM,Credit Card,399,19.95,5.9,Wednesday,February,00:00.0,not Satisfied
546-80-2899,Alex,Yangon,Member,Male,Home And Lifestyle,37.69,2,79.149,2/20/2019,3:29:00 PM,E-Wallet,75.38,3.769,9.5,Wednesday,February,00:00.0,Satisfied
782-95-9291,Alex,Yangon,Member,Male,Food And Beverages,92.29,5,484.5225,2/20/2019,3:55:00 PM,Credit Card,461.45,23.0725,9,Wednesday,February,00:00.0,Satisfied
725-56-0833,Alex,Yangon,Normal,Female,Health And Beauty,32.32,10,339.36,2/20/2019,4:49:00 PM,Credit Card,323.2,16.16,10,Wednesday,February,00:00.0,Satisfied
498-41-1961,Cairo,Mandalay,Normal,Male,Health And Beauty,66.68,5,350.07,2/20/2019,6:01:00 PM,Cash,333.4,16.67,7.6,Wednesday,February,00:00.0,Satisfied
458-61-0011,Cairo,Mandalay,Normal,Male,Food And Beverages,60.3,4,253.26,2/20/2019,6:43:00 PM,Cash,241.2,12.06,5.8,Wednesday,February,00:00.0,not Satisfied
389-70-2397,Giza,Naypyitaw,Normal,Female,Health And Beauty,83.66,5,439.215,2/21/2019,10:26:00 AM,Cash,418.3,20.915,7.2,Thursday,February,00:00.0,Satisfied
714-02-3114,Giza,Naypyitaw,Normal,Female,Sports And Travel,98.8,2,207.48,2/21/2019,11:39:00 AM,Cash,197.6,9.88,7.7,Thursday,February,00:00.0,Satisfied
279-62-1445,Giza,Naypyitaw,Member,Female,Fashion Accessories,12.54,1,13.167,2/21/2019,12:38:00 PM,Cash,12.54,0.627,8.2,Thursday,February,00:00.0,Satisfied
503-21-4385,Cairo,Mandalay,Member,Male,Health And Beauty,39.91,3,125.7165,2/21/2019,12:40:00 PM,E-Wallet,119.73,5.9865,9.3,Thursday,February,00:00.0,Satisfied
319-74-2561,Alex,Yangon,Member,Female,Electronic Accessories,94.64,3,298.116,2/21/2019,4:55:00 PM,Cash,283.92,14.196,5.5,Thursday,February,00:00.0,not Satisfied
269-04-5750,Cairo,Mandalay,Member,Male,Fashion Accessories,73.82,4,310.044,2/21/2019,6:31:00 PM,Cash,295.28,14.764,6.7,Thursday,February,00:00.0,not Satisfied
488-25-4221,Giza,Naypyitaw,Member,Female,Food And Beverages,30.41,1,31.9305,2/22/2019,10:36:00 AM,Credit Card,30.41,1.5205,8.4,Friday,February,00:00.0,Satisfied
831-64-0259,Cairo,Mandalay,Normal,Female,Fashion Accessories,39.75,5,208.6875,2/22/2019,10:43:00 AM,E-Wallet,198.75,9.9375,9.6,Friday,February,00:00.0,Satisfied
582-52-8065,Cairo,Mandalay,Normal,Female,Fashion Accessories,54.31,9,513.2295,2/22/2019,10:49:00 AM,Cash,488.79,24.4395,8.9,Friday,February,00:00.0,Satisfied
777-67-2495,Cairo,Mandalay,Normal,Male,Home And Lifestyle,68.97,3,217.2555,2/22/2019,11:26:00 AM,E-Wallet,206.91,10.3455,8.7,Friday,February,00:00.0,Satisfied
838-02-1821,Giza,Naypyitaw,Member,Female,Home And Lifestyle,12.73,2,26.733,2/22/2019,12:10:00 PM,Credit Card,25.46,1.273,5.2,Friday,February,00:00.0,not Satisfied
807-14-7833,Alex,Yangon,Member,Female,Electronic Accessories,17.419999999999998,10,182.91,2/22/2019,12:30:00 PM,E-Wallet,174.2,8.71,7,Friday,February,00:00.0,Satisfied
864-24-7918,Alex,Yangon,Member,Female,Sports And Travel,24.49,10,257.145,2/22/2019,3:15:00 PM,Cash,244.9,12.245,8.1,Friday,February,00:00.0,Satisfied
347-56-2442,Alex,Yangon,Normal,Male,Home And Lifestyle,65.82,1,69.111,2/22/2019,3:33:00 PM,Cash,65.82,3.291,4.1,Friday,February,00:00.0,not Satisfied
743-88-1662,Giza,Naypyitaw,Normal,Male,Sports And Travel,95.49,7,701.8515,2/22/2019,6:17:00 PM,E-Wallet,668.43,33.4215,8.7,Friday,February,00:00.0,Satisfied
837-55-7229,Cairo,Mandalay,Normal,Female,Fashion Accessories,47.44,1,49.812,2/22/2019,6:19:00 PM,Credit Card,47.44,2.372,6.8,Friday,February,00:00.0,not Satisfied
690-01-6631,Cairo,Mandalay,Normal,Male,Fashion Accessories,17.49,10,183.645,2/22/2019,6:35:00 PM,E-Wallet,174.9,8.745,6.6,Friday,February,00:00.0,not Satisfied
831-81-6575,Cairo,Mandalay,Member,Female,Electronic Accessories,75.59,9,714.3255,2/23/2019,11:12:00 AM,Cash,680.31,34.0155,8,Saturday,February,00:00.0,Satisfied
396-90-2219,Cairo,Mandalay,Normal,Female,Electronic Accessories,14.96,8,125.664,2/23/2019,12:29:00 PM,Cash,119.68,5.984,8.6,Saturday,February,00:00.0,Satisfied
729-46-7422,Giza,Naypyitaw,Normal,Male,Food And Beverages,35.89,1,37.6845,2/23/2019,4:52:00 PM,Credit Card,35.89,1.7945,7.9,Saturday,February,00:00.0,Satisfied
274-05-5470,Alex,Yangon,Member,Female,Food And Beverages,73.47,4,308.574,2/23/2019,6:30:00 PM,Cash,293.88,14.694,6,Saturday,February,00:00.0,not Satisfied
787-56-0757,Giza,Naypyitaw,Member,Female,Food And Beverages,80.36,4,337.512,2/23/2019,6:45:00 PM,Credit Card,321.44,16.072,8.3,Saturday,February,00:00.0,Satisfied
503-07-0930,Giza,Naypyitaw,Member,Male,Sports And Travel,58.39,7,429.1665,2/23/2019,7:49:00 PM,Credit Card,408.73,20.4365,8.2,Saturday,February,00:00.0,Satisfied
695-09-5146,Cairo,Mandalay,Member,Female,Food And Beverages,98.79,3,311.1885,2/23/2019,8:00:00 PM,E-Wallet,296.37,14.8185,6.4,Saturday,February,00:00.0,not Satisfied
190-14-3147,Cairo,Mandalay,Normal,Female,Health And Beauty,17.97,4,75.474,2/23/2019,8:43:00 PM,E-Wallet,71.88,3.594,6.4,Saturday,February,00:00.0,not Satisfied
186-43-8965,Alex,Yangon,Member,Female,Home And Lifestyle,47.68,2,100.128,2/24/2019,10:10:00 AM,Credit Card,95.36,4.768,4.1,Sunday,February,00:00.0,not Satisfied
803-83-5989,Giza,Naypyitaw,Member,Female,Home And Lifestyle,55.73,6,434.69399999999996,2/24/2019,10:55:00 AM,E-Wallet,334.38,16.719,7,Sunday,February,00:00.0,Satisfied
692-27-8933,Cairo,Mandalay,Normal,Female,Sports And Travel,57.95,6,365.085,2/24/2019,1:02:00 PM,Cash,347.7,17.385,5.2,Sunday,February,00:00.0,not Satisfied
516-77-6464,Giza,Naypyitaw,Member,Female,Health And Beauty,10.16,5,53.34,2/24/2019,1:08:00 PM,E-Wallet,50.8,2.54,4.1,Sunday,February,00:00.0,not Satisfied
365-16-4334,Cairo,Mandalay,Normal,Female,Food And Beverages,26.43,8,222.012,2/24/2019,2:26:00 PM,E-Wallet,211.44,10.572,8.9,Sunday,February,00:00.0,Satisfied
740-11-5257,Giza,Naypyitaw,Normal,Male,Electronic Accessories,24.74,10,259.77,2/24/2019,4:44:00 PM,Cash,247.4,12.37,7.1,Sunday,February,00:00.0,Satisfied
380-60-5336,Alex,Yangon,Normal,Female,Electronic Accessories,40.26,10,422.73,2/24/2019,6:06:00 PM,Credit Card,402.6,20.13,5,Sunday,February,00:00.0,not Satisfied
242-11-3142,Cairo,Mandalay,Member,Male,Fashion Accessories,83.77,2,175.917,2/24/2019,7:57:00 PM,Cash,167.54,8.377,4.6,Sunday,February,00:00.0,not Satisfied
300-71-4605,Giza,Naypyitaw,Member,Female,Electronic Accessories,86.04,5,451.71,2/25/2019,11:24:00 AM,E-Wallet,430.2,21.51,4.8,Monday,February,00:00.0,not Satisfied
866-70-2814,Cairo,Mandalay,Normal,Female,Electronic Accessories,52.79,10,554.295,2/25/2019,11:58:00 AM,E-Wallet,527.9,26.395,10,Monday,February,00:00.0,Satisfied
574-80-1489,Cairo,Mandalay,Member,Female,Food And Beverages,62.85,4,263.97,2/25/2019,1:22:00 PM,E-Wallet,251.4,12.57,8.7,Monday,February,00:00.0,Satisfied
505-02-0892,Cairo,Mandalay,Member,Male,Health And Beauty,42.57,8,357.588,2/25/2019,2:12:00 PM,E-Wallet,340.56,17.028,5.6,Monday,February,00:00.0,not Satisfied
735-06-4124,Giza,Naypyitaw,Normal,Male,Food And Beverages,48.61,1,51.0405,2/25/2019,3:31:00 PM,Cash,48.61,2.4305,4.4,Monday,February,00:00.0,not Satisfied
719-89-8991,Alex,Yangon,Member,Female,Sports And Travel,91.41,5,479.9025,2/25/2019,4:03:00 PM,E-Wallet,457.05,22.8525,7.1,Monday,February,00:00.0,Satisfied
275-28-0149,Alex,Yangon,Normal,Male,Sports And Travel,63.69,1,66.8745,2/25/2019,4:21:00 PM,Cash,63.69,3.1845,6,Monday,February,00:00.0,not Satisfied
511-54-3087,Cairo,Mandalay,Normal,Male,Sports And Travel,88.45,1,92.8725,2/25/2019,4:36:00 PM,Credit Card,88.45,4.4225,9.5,Monday,February,00:00.0,Satisfied
308-81-0538,Alex,Yangon,Normal,Female,Fashion Accessories,73.05,4,306.81,2/25/2019,5:16:00 PM,Credit Card,292.2,14.61,4.9,Monday,February,00:00.0,not Satisfied
834-83-1826,Cairo,Mandalay,Member,Female,Home And Lifestyle,82.04,5,430.71,2/25/2019,5:16:00 PM,Credit Card,410.2,20.51,7.6,Monday,February,00:00.0,Satisfied
636-17-0325,Cairo,Mandalay,Normal,Male,Health And Beauty,62.57,4,262.794,2/25/2019,6:37:00 PM,Cash,250.28,12.514,9.5,Monday,February,00:00.0,Satisfied
459-45-2396,Alex,Yangon,Member,Female,Food And Beverages,99.6,3,313.74,2/25/2019,6:45:00 PM,Cash,298.8,14.94,5.8,Monday,February,00:00.0,not Satisfied
871-79-8483,Cairo,Mandalay,Member,Female,Fashion Accessories,94.13,5,494.1825,2/25/2019,7:39:00 PM,Credit Card,470.65,23.5325,4.8,Monday,February,00:00.0,not Satisfied
608-05-3804,Cairo,Mandalay,Member,Male,Electronic Accessories,39.75,1,41.7375,2/25/2019,8:19:00 PM,Cash,39.75,1.9875,6.1,Monday,February,00:00.0,not Satisfied
502-05-1910,Alex,Yangon,Normal,Male,Health And Beauty,65.18,3,205.317,2/25/2019,8:35:00 PM,Credit Card,195.54,9.777,6.3,Monday,February,00:00.0,not Satisfied
466-61-5506,Cairo,Mandalay,Member,Female,Electronic Accessories,90.7,6,571.41,2/26/2019,10:52:00 AM,Cash,544.2,27.21,5.3,Tuesday,February,00:00.0,not Satisfied
437-53-3084,Cairo,Mandalay,Normal,Male,Fashion Accessories,99.89,2,209.769,2/26/2019,11:48:00 AM,E-Wallet,199.78,9.989,7.1,Tuesday,February,00:00.0,Satisfied
707-32-7409,Cairo,Mandalay,Member,Female,Sports And Travel,95.53999999999999,4,401.268,2/26/2019,11:58:00 AM,E-Wallet,382.16,19.108,4.5,Tuesday,February,00:00.0,not Satisfied
702-72-0487,Alex,Yangon,Normal,Female,Electronic Accessories,46.61,2,97.881,2/26/2019,12:28:00 PM,Credit Card,93.22,4.661,6.6,Tuesday,February,00:00.0,not Satisfied
518-71-6847,Cairo,Mandalay,Member,Male,Food And Beverages,26.6,6,167.58,2/26/2019,3:10:00 PM,E-Wallet,159.6,7.98,4.9,Tuesday,February,00:00.0,not Satisfied
477-24-6490,Cairo,Mandalay,Normal,Female,Health And Beauty,99.71,6,628.173,2/26/2019,4:52:00 PM,E-Wallet,598.26,29.913,7.9,Tuesday,February,00:00.0,Satisfied
491-38-3499,Alex,Yangon,Member,Male,Fashion Accessories,55.45,1,58.2225,2/26/2019,5:46:00 PM,Credit Card,55.45,2.7725,4.9,Tuesday,February,00:00.0,not Satisfied
154-74-7179,Cairo,Mandalay,Normal,Male,Sports And Travel,54.45,1,57.1725,2/26/2019,7:24:00 PM,E-Wallet,54.45,2.7225,7.9,Tuesday,February,00:00.0,Satisfied
649-11-3678,Giza,Naypyitaw,Normal,Female,Food And Beverages,22.93,9,216.6885,2/26/2019,8:26:00 PM,Cash,206.37,10.3185,5.5,Tuesday,February,00:00.0,not Satisfied
250-81-7186,Giza,Naypyitaw,Normal,Female,Electronic Accessories,99.69,1,104.6745,2/27/2019,10:23:00 AM,Credit Card,99.69,4.9845,8,Wednesday,February,00:00.0,Satisfied
400-45-1220,Cairo,Mandalay,Normal,Female,Health And Beauty,13.5,10,141.75,2/27/2019,11:06:00 AM,Credit Card,135,6.75,4.8,Wednesday,February,00:00.0,not Satisfied
243-55-8457,Alex,Yangon,Normal,Female,Food And Beverages,74.44,10,781.62,2/27/2019,11:40:00 AM,E-Wallet,744.4,37.22,5.1,Wednesday,February,00:00.0,not Satisfied
105-10-6182,Alex,Yangon,Member,Male,Fashion Accessories,21.48,2,45.108,2/27/2019,12:22:00 PM,E-Wallet,42.96,2.148,6.6,Wednesday,February,00:00.0,not Satisfied
263-12-5321,Alex,Yangon,Member,Male,Electronic Accessories,92.6,7,680.61,2/27/2019,12:52:00 PM,Credit Card,648.2,32.41,9.3,Wednesday,February,00:00.0,Satisfied
605-72-4132,Giza,Naypyitaw,Normal,Female,Food And Beverages,94.47,8,793.548,2/27/2019,3:12:00 PM,Cash,755.76,37.788,9.1,Wednesday,February,00:00.0,Satisfied
135-84-8019,Alex,Yangon,Normal,Female,Fashion Accessories,77.93,9,736.4385,2/27/2019,4:10:00 PM,E-Wallet,701.37,35.0685,7.6,Wednesday,February,00:00.0,Satisfied
370-41-7321,Cairo,Mandalay,Member,Female,Health And Beauty,56.69,9,535.7205,2/27/2019,5:24:00 PM,Credit Card,510.21,25.5105,8.4,Wednesday,February,00:00.0,Satisfied
741-73-3559,Cairo,Mandalay,Normal,Male,Sports And Travel,67.27,5,353.1675,2/27/2019,5:27:00 PM,Cash,336.35,16.8175,6.9,Wednesday,February,00:00.0,not Satisfied
665-63-9737,Cairo,Mandalay,Normal,Male,Fashion Accessories,52.42,3,165.123,2/27/2019,5:36:00 PM,E-Wallet,157.26,7.863,7.5,Wednesday,February,00:00.0,Satisfied
318-68-5053,Cairo,Mandalay,Member,Female,Health And Beauty,76.99,6,485.037,2/27/2019,5:55:00 PM,Cash,461.94,23.097,6.1,Wednesday,February,00:00.0,not Satisfied
250-17-5703,Alex,Yangon,Member,Male,Food And Beverages,18.85,10,197.925,2/27/2019,6:24:00 PM,E-Wallet,188.5,9.425,5.6,Wednesday,February,00:00.0,not Satisfied
191-29-0321,Cairo,Mandalay,Member,Female,Fashion Accessories,19.77,10,207.585,2/27/2019,6:57:00 PM,Credit Card,197.7,9.885,5,Wednesday,February,00:00.0,not Satisfied
759-98-4285,Giza,Naypyitaw,Member,Female,Health And Beauty,85.87,7,631.1445,2/27/2019,7:01:00 PM,Credit Card,601.09,30.0545,8,Wednesday,February,00:00.0,Satisfied
709-58-4068,Cairo,Mandalay,Normal,Female,Fashion Accessories,41.09,10,431.445,2/28/2019,2:42:00 PM,Cash,410.9,20.545,7.3,Thursday,February,00:00.0,Satisfied
291-59-1384,Cairo,Mandalay,Normal,Male,Electronic Accessories,60.3,1,63.315,2/28/2019,5:38:00 PM,Cash,60.3,3.015,6,Thursday,February,00:00.0,not Satisfied
142-72-4741,Giza,Naypyitaw,Member,Male,Fashion Accessories,93.2,2,195.72,2/28/2019,6:37:00 PM,Credit Card,186.4,9.32,6,Thursday,February,00:00.0,not Satisfied
399-46-5918,Giza,Naypyitaw,Member,Female,Electronic Accessories,85.98,8,962.9760000000001,2/28/2019,7:01:00 PM,Cash,687.84,34.392,8.2,Thursday,February,00:00.0,Satisfied
635-28-5728,Alex,Yangon,Normal,Male,Health And Beauty,56,3,176.4,2/28/2019,7:33:00 PM,E-Wallet,168,8.4,4.8,Thursday,February,00:00.0,not Satisfied
786-94-2700,Alex,Yangon,Member,Male,Food And Beverages,80.62,6,507.906,2/28/2019,8:18:00 PM,Cash,483.72,24.186,9.1,Thursday,February,00:00.0,Satisfied
811-03-8790,Alex,Yangon,Normal,Female,Electronic Accessories,45.48,10,477.54,3/1/2019,10:22:00 AM,Credit Card,454.8,22.74,4.8,Friday,March,00:00.0,not Satisfied
470-31-3286,Cairo,Mandalay,Normal,Male,Health And Beauty,14.82,3,46.683,3/1/2019,11:30:00 AM,Credit Card,44.46,2.223,8.7,Friday,March,00:00.0,Satisfied
207-73-1363,Cairo,Mandalay,Normal,Male,Health And Beauty,69.51,2,145.971,3/1/2019,12:15:00 PM,E-Wallet,139.02,6.951,8.1,Friday,March,00:00.0,Satisfied
189-98-2939,Giza,Naypyitaw,Member,Female,Fashion Accessories,78.55,9,742.2975,3/1/2019,1:22:00 PM,Cash,706.95,35.3475,7.2,Friday,March,00:00.0,Satisfied
153-58-4872,Giza,Naypyitaw,Member,Female,Food And Beverages,74.89,4,314.538,3/1/2019,3:32:00 PM,E-Wallet,299.56,14.978,4.2,Friday,March,00:00.0,not Satisfied
453-63-6187,Cairo,Mandalay,Normal,Male,Electronic Accessories,27.5,3,86.625,3/1/2019,3:40:00 PM,E-Wallet,82.5,4.125,6.5,Friday,March,00:00.0,not Satisfied
247-11-2470,Alex,Yangon,Member,Female,Fashion Accessories,22.32,4,93.744,3/1/2019,4:23:00 PM,Credit Card,89.28,4.464,4.4,Friday,March,00:00.0,not Satisfied
220-28-1851,Alex,Yangon,Normal,Male,Home And Lifestyle,34.73,2,72.933,3/1/2019,6:14:00 PM,E-Wallet,69.46,3.473,9.7,Friday,March,00:00.0,Satisfied
339-96-8318,Cairo,Mandalay,Member,Male,Fashion Accessories,81.31,7,597.6285,3/1/2019,7:49:00 PM,E-Wallet,569.17,28.4585,6.3,Friday,March,00:00.0,not Satisfied
238-45-6950,Cairo,Mandalay,Member,Male,Food And Beverages,53.72,1,56.406,3/1/2019,8:03:00 PM,E-Wallet,53.72,2.686,6.4,Friday,March,00:00.0,not Satisfied
878-30-2331,Giza,Naypyitaw,Member,Female,Sports And Travel,54.55,10,572.775,3/2/2019,11:22:00 AM,Credit Card,545.5,27.275,7.1,Saturday,March,00:00.0,Satisfied
636-98-3364,Cairo,Mandalay,Member,Female,Electronic Accessories,26.26,3,82.719,3/2/2019,12:36:00 PM,E-Wallet,78.78,3.939,6.3,Saturday,March,00:00.0,not Satisfied
640-48-5028,Cairo,Mandalay,Member,Female,Home And Lifestyle,88.39,9,835.2855,3/2/2019,12:40:00 PM,Cash,795.51,39.7755,6.3,Saturday,March,00:00.0,not Satisfied
225-98-1496,Giza,Naypyitaw,Member,F,Fashion Accessories,27.02,3,85.113,3/2/2019,1:01:00 PM,Credit Card,81.06,4.053,7.1,Saturday,March,00:00.0,Satisfied
576-31-4774,Cairo,Mandalay,Normal,Female,Health And Beauty,73.41,3,231.2415,3/2/2019,1:10:00 PM,E-Wallet,220.23,11.0115,4,Saturday,March,00:00.0,not Satisfied
725-54-0677,Giza,Naypyitaw,Member,Male,Health And Beauty,85.6,7,629.16,3/2/2019,1:50:00 PM,Cash,599.2,29.96,5.3,Saturday,March,00:00.0,not Satisfied
565-67-6697,Cairo,Mandalay,Member,Male,Home And Lifestyle,27,9,255.15,3/2/2019,2:16:00 PM,Cash,243,12.15,4.8,Saturday,March,00:00.0,not Satisfied
860-73-6466,Alex,Yangon,Member,Female,Sports And Travel,39.47,2,82.887,3/2/2019,4:16:00 PM,Credit Card,78.94,3.947,5,Saturday,March,00:00.0,not Satisfied
607-76-6216,Giza,Naypyitaw,Member,Female,Fashion Accessories,92.49,5,485.5725,3/2/2019,4:35:00 PM,Credit Card,462.45,23.1225,8.6,Saturday,March,00:00.0,Satisfied
408-26-9866,Giza,Naypyitaw,Normal,Female,Sports And Travel,73.98,7,543.753,3/2/2019,4:42:00 PM,E-Wallet,517.86,25.893,4.1,Saturday,March,00:00.0,not Satisfied
303-96-2227,Cairo,Mandalay,Normal,Female,Home And Lifestyle,97.38,10,1022.49,3/2/2019,5:16:00 PM,E-Wallet,973.8,48.69,4.4,Saturday,March,00:00.0,not Satisfied
549-59-1358,Alex,Yangon,Member,Female,Sports And Travel,88.63,3,279.1845,3/2/2019,5:36:00 PM,E-Wallet,265.89,13.2945,6,Saturday,March,00:00.0,not Satisfied
720-72-2436,Alex,Yangon,Normal,Male,Food And Beverages,66.52,4,279.384,3/2/2019,6:14:00 PM,E-Wallet,266.08,13.304,6.9,Saturday,March,00:00.0,not Satisfied
172-42-8274,Cairo,Mandalay,Normal,Female,Electronic Accessories,38.27,2,80.367,3/2/2019,6:18:00 PM,Credit Card,76.54,3.827,5.8,Saturday,March,00:00.0,not Satisfied
346-84-3103,Cairo,Mandalay,Member,Female,Electronic Accessories,13.22,5,69.405,3/2/2019,7:26:00 PM,Cash,66.1,3.305,4.3,Saturday,March,00:00.0,not Satisfied
825-94-5922,Cairo,Mandalay,Normal,Male,Sports And Travel,25.31,2,53.151,3/2/2019,7:26:00 PM,E-Wallet,50.62,2.531,7.2,Saturday,March,00:00.0,Satisfied
817-69-8206,Cairo,Mandalay,Normal,Female,Electronic Accessories,99.73,9,942.4485,3/2/2019,7:42:00 PM,Credit Card,897.57,44.8785,6.5,Saturday,March,00:00.0,not Satisfied
883-17-4236,Giza,Naypyitaw,Normal,Female,Sports And Travel,14.39,2,30.219,3/2/2019,7:44:00 PM,Credit Card,28.78,1.439,7.2,Saturday,March,00:00.0,Satisfied
302-15-2162,Giza,Naypyitaw,Member,Male,Health And Beauty,46.53,6,293.139,3/3/2019,10:54:00 AM,Credit Card,279.18,13.959,4.3,Sunday,March,00:00.0,not Satisfied
234-03-4040,Cairo,Mandalay,Member,Female,Food And Beverages,73.05,10,767.025,3/3/2019,12:25:00 PM,Credit Card,730.5,36.525,8.7,Sunday,March,00:00.0,Satisfied
777-82-7220,Cairo,Mandalay,Member,Female,Home And Lifestyle,30.12,8,253.008,3/3/2019,1:01:00 PM,Cash,240.96,12.048,7.7,Sunday,March,00:00.0,Satisfied
631-41-3108,Alex,Yangon,Normal,Female,Home And Lifestyle,46.33,7,340.5255,3/3/2019,1:23:00 PM,Credit Card,324.31,16.2155,7.4,Sunday,March,00:00.0,Satisfied
211-05-0490,Giza,Naypyitaw,Member,Female,Electronic Accessories,51.92,5,272.58,3/3/2019,1:42:00 PM,Cash,259.6,12.98,7.5,Sunday,March,00:00.0,Satisfied
861-77-0145,Giza,Naypyitaw,Member,Female,Electronic Accessories,81.97,10,860.685,3/3/2019,2:30:00 PM,Cash,819.7,40.985,9.2,Sunday,March,00:00.0,Satisfied
568-88-3448,Alex,Yangon,Normal,Male,Health And Beauty,25,1,26.25,3/3/2019,3:09:00 PM,E-Wallet,25,1.25,5.5,Sunday,March,00:00.0,not Satisfied
175-54-2529,Alex,Yangon,Member,Male,Food And Beverages,22.17,8,186.228,3/3/2019,5:01:00 PM,Credit Card,177.36,8.868,9.6,Sunday,March,00:00.0,Satisfied
468-99-7231,Giza,Naypyitaw,Normal,Female,Home And Lifestyle,44.01,8,369.684,3/3/2019,5:36:00 PM,Cash,352.08,17.604,8.8,Sunday,March,00:00.0,Satisfied
305-14-0245,Cairo,Mandalay,Member,Female,Home And Lifestyle,94.49,8,793.716,3/3/2019,7:00:00 PM,E-Wallet,755.92,37.796,7.5,Sunday,March,00:00.0,Satisfied
733-33-4967,Giza,Naypyitaw,Normal,M,Electronic Accessories,20.85,8,175.14,3/3/2019,7:17:00 PM,Cash,166.8,8.34,6.3,Sunday,March,00:00.0,not Satisfied
324-41-6833,Giza,Naypyitaw,Member,Female,Electronic Accessories,30.2,8,253.68,3/3/2019,7:30:00 PM,E-Wallet,241.6,12.08,5.1,Sunday,March,00:00.0,not Satisfied
651-96-5970,Alex,Yangon,Normal,Male,Fashion Accessories,46.41,1,48.7305,3/3/2019,8:06:00 PM,Credit Card,46.41,2.3205,4,Sunday,March,00:00.0,not Satisfied
610-46-4100,Alex,Yangon,Normal,Male,Health And Beauty,28.95,7,212.7825,3/3/2019,8:31:00 PM,Credit Card,202.65,10.1325,6,Sunday,March,00:00.0,not Satisfied
276-75-6884,Alex,Yangon,Normal,Female,Health And Beauty,68.71,3,216.4365,3/4/2019,10:05:00 AM,Cash,206.13,10.3065,8.7,Monday,March,00:00.0,Satisfied
221-25-5073,Alex,Yangon,Normal,Female,Food And Beverages,74.66,4,313.572,3/4/2019,10:39:00 AM,Cash,298.64,14.932,8.5,Monday,March,00:00.0,Satisfied
586-25-0848,Alex,Yangon,Normal,Female,Sports And Travel,12.34,7,90.699,3/4/2019,11:19:00 AM,Credit Card,86.38,4.319,6.7,Monday,March,00:00.0,not Satisfied
759-29-9521,Alex,Yangon,Member,Female,Fashion Accessories,48.96,9,462.672,3/4/2019,11:27:00 AM,Cash,440.64,22.032,8,Monday,March,00:00.0,Satisfied
227-50-3718,Alex,Yangon,Normal,Male,Health And Beauty,14.62,5,76.755,3/4/2019,12:23:00 PM,Cash,73.1,3.655,4.4,Monday,March,00:00.0,not Satisfied
689-05-1884,Alex,Yangon,Member,Male,Health And Beauty,48.63,10,510.615,3/4/2019,12:44:00 PM,Cash,486.3,24.315,8.8,Monday,March,00:00.0,Satisfied
667-92-0055,Alex,Yangon,Member,Male,Health And Beauty,99.83,6,628.929,3/4/2019,3:02:00 PM,E-Wallet,598.98,29.949,8.5,Monday,March,00:00.0,Satisfied
558-60-5016,Alex,Yangon,Normal,Female,Home And Lifestyle,33.3,9,314.685,3/4/2019,3:27:00 PM,E-Wallet,299.7,14.985,7.2,Monday,March,00:00.0,Satisfied
320-49-6392,Giza,Naypyitaw,Normal,Female,Electronic Accessories,30.24,1,31.752,3/4/2019,3:44:00 PM,Cash,30.24,1.512,8.4,Monday,March,00:00.0,Satisfied
346-12-3257,Cairo,Mandalay,Member,Male,Electronic Accessories,19.24,9,181.818,3/4/2019,4:28:00 PM,Cash,173.16,8.658,8,Monday,March,00:00.0,Satisfied
256-08-8343,Alex,Yangon,Normal,Female,Home And Lifestyle,56.53,4,237.426,3/4/2019,7:48:00 PM,E-Wallet,226.12,11.306,5.5,Monday,March,00:00.0,not Satisfied
228-96-1411,Giza,Naypyitaw,Member,Female,Food And Beverages,98.7,8,829.08,3/4/2019,8:39:00 PM,Cash,789.6,39.48,7.6,Monday,March,00:00.0,Satisfied
371-85-5789,Cairo,Mandalay,Member,Female,Health And Beauty,87.98,3,277.137,3/5/2019,10:40:00 AM,E-Wallet,263.94,13.197,5.1,Tuesday,March,00:00.0,not Satisfied
291-32-1427,Cairo,Mandalay,Member,F,Fashion Accessories,21.94,5,115.185,3/5/2019,12:29:00 PM,E-Wallet,109.7,5.485,5.3,Tuesday,March,00:00.0,not Satisfied
793-10-3222,Cairo,Mandalay,Member,Female,Health And Beauty,41.06,6,258.678,3/5/2019,1:30:00 PM,Credit Card,246.36,12.318,8.3,Tuesday,March,00:00.0,Satisfied
148-82-2527,Giza,Naypyitaw,Member,Female,Home And Lifestyle,12.12,10,127.26,3/5/2019,1:44:00 PM,Credit Card,121.2,6.06,8.4,Tuesday,March,00:00.0,Satisfied
730-50-9884,Giza,Naypyitaw,Member,Female,Sports And Travel,83.06,7,610.491,3/5/2019,2:31:00 PM,E-Wallet,581.42,29.071,4,Tuesday,March,00:00.0,not Satisfied
829-49-1914,Giza,Naypyitaw,Member,Female,Food And Beverages,78.31,10,822.255,3/5/2019,4:24:00 PM,E-Wallet,783.1,39.155,6.6,Tuesday,March,00:00.0,not Satisfied
655-07-2265,Alex,Yangon,Normal,Male,Electronic Accessories,78.31,3,246.6765,3/5/2019,4:38:00 PM,E-Wallet,234.93,11.7465,5.4,Tuesday,March,00:00.0,not Satisfied
755-12-3214,Giza,Naypyitaw,Member,Female,Fashion Accessories,44.22,5,232.155,3/5/2019,5:07:00 PM,Credit Card,221.1,11.055,8.6,Tuesday,March,00:00.0,Satisfied
848-42-2560,Alex,Yangon,Normal,Female,Fashion Accessories,81.91,2,172.011,3/5/2019,5:43:00 PM,Cash,163.82,8.191,7.8,Tuesday,March,00:00.0,Satisfied
174-64-0215,Cairo,Mandalay,Normal,Male,Sports And Travel,69.74,10,732.27,3/5/2019,5:49:00 PM,Credit Card,697.4,34.87,8.9,Tuesday,March,00:00.0,Satisfied
102-77-2261,Giza,Naypyitaw,Member,Male,Health And Beauty,65.31,7,480.0285,3/5/2019,6:02:00 PM,Credit Card,457.17,22.8585,4.2,Tuesday,March,00:00.0,not Satisfied
733-01-9107,Cairo,Mandalay,Member,Female,Home And Lifestyle,82.7,6,521.01,3/5/2019,6:14:00 PM,Cash,496.2,24.81,7.4,Tuesday,March,00:00.0,Satisfied
510-95-6347,Cairo,Mandalay,Member,Female,Food And Beverages,48.52,3,167.394,3/5/2019,6:17:00 PM,E-Wallet,145.56,7.278,4,Tuesday,March,00:00.0,not Satisfied
433-75-6987,Cairo,Mandalay,Member,Female,Health And Beauty,55.97,7,411.3795,3/5/2019,7:06:00 PM,E-Wallet,391.79,19.5895,8.9,Tuesday,March,00:00.0,Satisfied
593-14-4239,Cairo,Mandalay,Normal,Female,Home And Lifestyle,95.46000000000001,8,801.864,3/5/2019,7:40:00 PM,E-Wallet,763.68,38.184,4.7,Tuesday,March,00:00.0,not Satisfied
895-66-0685,Cairo,Mandalay,Member,Male,Food And Beverages,18.08,3,56.952,3/5/2019,7:46:00 PM,E-Wallet,54.24,2.712,8,Tuesday,March,00:00.0,Satisfied
608-04-3797,Cairo,Mandalay,Member,Female,Health And Beauty,25.32,8,212.688,3/5/2019,8:24:00 PM,E-Wallet,202.56,10.128,8.7,Tuesday,March,00:00.0,Satisfied
885-17-6250,Alex,Yangon,Normal,Female,Health And Beauty,79.74,1,83.727,3/6/2019,10:36:00 AM,E-Wallet,79.74,3.987,7.3,Wednesday,March,00:00.0,Satisfied
883-69-1285,Cairo,Mandalay,Member,Male,Fashion Accessories,49.92,2,104.832,3/6/2019,11:55:00 AM,Credit Card,99.84,4.992,7,Wednesday,March,00:00.0,Satisfied
199-75-8169,Alex,Yangon,Member,Female,Sports And Travel,15.81,10,237.15,3/6/2019,12:27:00 PM,Credit Card,158.1,7.905,8.6,Wednesday,March,00:00.0,Satisfied
254-31-0042,Alex,Yangon,Member,Male,Electronic Accessories,21.5,9,203.175,3/6/2019,12:46:00 PM,Credit Card,193.5,9.675,7.8,Wednesday,March,00:00.0,Satisfied
523-38-0215,Giza,Naypyitaw,Normal,Male,Home And Lifestyle,37,1,38.85,3/6/2019,1:29:00 PM,Credit Card,37,1.85,7.9,Wednesday,March,00:00.0,Satisfied
468-01-2051,Cairo,Mandalay,Normal,Male,Food And Beverages,62.08,7,456.288,3/6/2019,1:46:00 PM,E-Wallet,434.56,21.728,5.4,Wednesday,March,00:00.0,not Satisfied
262-47-2794,Cairo,Mandalay,Member,Male,Home And Lifestyle,71.86,8,603.624,3/6/2019,3:07:00 PM,Credit Card,574.88,28.744,6.2,Wednesday,March,00:00.0,not Satisfied
149-15-7606,Cairo,Mandalay,Member,Male,Sports And Travel,37.32,9,352.674,3/6/2019,3:31:00 PM,E-Wallet,335.88,16.794,5.1,Wednesday,March,00:00.0,not Satisfied
783-09-1637,Cairo,Mandalay,Normal,Female,Sports And Travel,67.43,5,354.0075,3/6/2019,6:13:00 PM,E-Wallet,337.15,16.8575,6.3,Wednesday,March,00:00.0,not Satisfied
802-70-5316,Alex,Yangon,Member,Female,Sports And Travel,92.13,6,580.419,3/6/2019,8:34:00 PM,Cash,552.78,27.639,8.3,Wednesday,March,00:00.0,Satisfied
715-20-1673,Cairo,Mandalay,Normal,Male,Electronic Accessories,28.38,5,148.995,3/6/2019,8:57:00 PM,Cash,141.9,7.095,9.4,Wednesday,March,00:00.0,Satisfied
399-69-4630,Giza,Naypyitaw,Normal,Male,Electronic Accessories,22.21,6,139.923,3/7/2019,10:23:00 AM,Credit Card,133.26,6.663,8.6,Thursday,March,00:00.0,Satisfied
643-38-7867,Alex,Yangon,Normal,Male,Home And Lifestyle,97.94,1,102.837,3/7/2019,11:44:00 AM,E-Wallet,97.94,4.897,6.9,Thursday,March,00:00.0,not Satisfied
242-55-6721,Cairo,Mandalay,Member,Female,Home And Lifestyle,16.16,2,33.936,3/7/2019,11:49:00 AM,E-Wallet,32.32,1.616,6.5,Thursday,March,00:00.0,not Satisfied
423-64-4619,Alex,Yangon,Member,Female,Health And Beauty,15.55,9,146.9475,3/7/2019,1:12:00 PM,Cash,139.95,6.9975,5,Thursday,March,00:00.0,not Satisfied
307-85-2293,Cairo,Mandalay,Normal,Male,Home And Lifestyle,50.28,5,263.97,3/7/2019,1:58:00 PM,E-Wallet,251.4,12.57,9.7,Thursday,March,00:00.0,Satisfied
821-07-3596,Giza,Naypyitaw,Normal,Female,Fashion Accessories,16.45,4,69.09,3/7/2019,2:53:00 PM,E-Wallet,65.8,3.29,5.6,Thursday,March,00:00.0,not Satisfied
598-47-9715,Giza,Naypyitaw,Normal,Male,Electronic Accessories,84.07,4,353.094,3/7/2019,4:54:00 PM,E-Wallet,336.28,16.814,4.4,Thursday,March,00:00.0,not Satisfied
748-45-2862,Alex,Yangon,Member,Female,Home And Lifestyle,28.31,4,118.902,3/7/2019,6:35:00 PM,Cash,113.24,5.662,8.2,Thursday,March,00:00.0,Satisfied
471-41-2823,Giza,Naypyitaw,Normal,Male,Food And Beverages,99.79,2,209.559,3/7/2019,8:37:00 PM,E-Wallet,199.58,9.979,8,Thursday,March,00:00.0,Satisfied
226-31-3081,Giza,Naypyitaw,Normal,Female,Electronic Accessories,15.28,5,80.22,3/8/2019,10:29:00 AM,Cash,76.4,3.82,9.6,Friday,March,00:00.0,Satisfied
325-77-6186,Alex,Yangon,Member,Female,Home And Lifestyle,90.65,10,951.825,3/8/2019,10:53:00 AM,E-Wallet,906.5,45.325,7.3,Friday,March,00:00.0,Satisfied
563-91-7120,Alex,Yangon,Normal,Female,Fashion Accessories,61.77,5,324.2925,3/8/2019,1:21:00 PM,Cash,308.85,15.4425,6.7,Friday,March,00:00.0,not Satisfied
364-33-8584,Cairo,Mandalay,Member,Female,Food And Beverages,17.63,5,92.5575,3/8/2019,3:27:00 PM,Cash,88.15,4.4075,8.5,Friday,March,00:00.0,Satisfied
345-08-4992,Alex,Yangon,Normal,Male,Home And Lifestyle,33.99,6,214.137,3/8/2019,3:37:00 PM,Credit Card,203.94,10.197,7.7,Friday,March,00:00.0,Satisfied
483-71-1164,Giza,Naypyitaw,Normal,Female,Health And Beauty,81.3,6,512.19,3/8/2019,4:43:00 PM,E-Wallet,487.8,24.39,5.3,Friday,March,00:00.0,not Satisfied
574-57-9721,Giza,Naypyitaw,Normal,Male,Food And Beverages,43.27,2,90.867,3/8/2019,4:53:00 PM,E-Wallet,86.54,4.327,5.7,Friday,March,00:00.0,not Satisfied
458-41-1477,Giza,Naypyitaw,Normal,Female,Health And Beauty,46.26,6,291.438,3/8/2019,5:11:00 PM,Credit Card,277.56,13.878,9.5,Friday,March,00:00.0,Satisfied
632-90-0281,Giza,Naypyitaw,Normal,Female,Fashion Accessories,37.55,10,394.275,3/8/2019,8:01:00 PM,Credit Card,375.5,18.775,9.3,Friday,March,00:00.0,Satisfied
549-96-4200,Giza,Naypyitaw,Member,Male,Food And Beverages,17.04,4,71.568,3/8/2019,8:15:00 PM,E-Wallet,68.16,3.408,7,Friday,March,00:00.0,Satisfied
594-34-4444,Alex,Yangon,Member,Female,Electronic Accessories,97.16,1,102.018,3/8/2019,8:38:00 PM,E-Wallet,97.16,4.858,7.2,Friday,March,00:00.0,Satisfied
360-39-5055,Giza,Naypyitaw,Member,Female,Sports And Travel,48.91,5,256.7775,3/9/2019,10:17:00 AM,Cash,244.55,12.2275,6.6,Saturday,March,00:00.0,not Satisfied
299-29-0180,Cairo,Mandalay,Member,Female,Home And Lifestyle,52.18,7,383.523,3/9/2019,10:54:00 AM,Cash,365.26,18.263,9.3,Saturday,March,00:00.0,Satisfied
277-35-5865,Giza,Naypyitaw,Member,Female,Food And Beverages,98.97,9,935.2665,3/9/2019,11:23:00 AM,Cash,890.73,44.5365,6.7,Saturday,March,00:00.0,not Satisfied
816-57-2053,Alex,Yangon,Normal,Male,Sports And Travel,60.87,2,127.827,3/9/2019,12:37:00 PM,E-Wallet,121.74,6.087,8.7,Saturday,March,00:00.0,Satisfied
308-47-4913,Alex,Yangon,Member,Female,Sports And Travel,52.26,10,548.73,3/9/2019,12:45:00 PM,Credit Card,522.6,26.13,6.2,Saturday,March,00:00.0,not Satisfied
652-43-6591,Alex,Yangon,Normal,Female,Fashion Accessories,97.28999999999999,8,817.236,3/9/2019,1:18:00 PM,Credit Card,778.32,38.916,6.2,Saturday,March,00:00.0,not Satisfied
127-47-6963,Alex,Yangon,Normal,Male,Health And Beauty,51.71,4,217.182,3/9/2019,1:53:00 PM,Credit Card,206.84,10.342,9.8,Saturday,March,00:00.0,Satisfied
616-87-0016,Cairo,Mandalay,Normal,Male,Fashion Accessories,95.54,7,702.219,3/9/2019,2:36:00 PM,Credit Card,668.78,33.439,9.6,Saturday,March,00:00.0,Satisfied
268-27-6179,Cairo,Mandalay,Member,Female,Fashion Accessories,56.47,8,474.348,3/9/2019,2:57:00 PM,E-Wallet,451.76,22.588,7.3,Saturday,March,00:00.0,Satisfied
489-64-4354,Giza,Naypyitaw,Normal,Male,Fashion Accessories,16.28,1,17.094,3/9/2019,3:36:00 PM,Cash,16.28,0.814,5,Saturday,March,00:00.0,not Satisfied
219-22-9386,Cairo,Mandalay,Member,F,Sports And Travel,99.96,9,944.622,3/9/2019,5:26:00 PM,Credit Card,899.64,44.982,4.2,Saturday,March,00:00.0,not Satisfied
132-32-9879,Cairo,Mandalay,Member,Female,Electronic Accessories,93.96,4,394.632,3/9/2019,6:00:00 PM,Cash,375.84,18.792,9.5,Saturday,March,00:00.0,Satisfied
841-35-6630,Giza,Naypyitaw,Member,Female,Electronic Accessories,75.91,6,592.098,3/9/2019,6:21:00 PM,Cash,455.46,22.773,8.7,Saturday,March,00:00.0,Satisfied
157-13-5295,Alex,Yangon,Member,Male,Health And Beauty,51.94,10,545.37,3/9/2019,6:24:00 PM,E-Wallet,519.4,25.97,6.5,Saturday,March,00:00.0,not Satisfied
815-11-1168,Alex,Yangon,Member,Male,Food And Beverages,99.78,5,523.845,3/9/2019,7:09:00 PM,Cash,498.9,24.945,5.4,Saturday,March,00:00.0,not Satisfied
189-17-4241,Alex,Yangon,Member,Female,Fashion Accessories,87.67,2,184.107,3/10/2019,12:17:00 PM,Credit Card,175.34,8.767,7.7,Sunday,March,00:00.0,Satisfied
607-65-2441,Giza,Naypyitaw,Member,Male,Health And Beauty,81.95,10,860.475,3/10/2019,12:39:00 PM,Credit Card,819.5,40.975,6,Sunday,March,00:00.0,not Satisfied
596-42-3999,Cairo,Mandalay,Normal,Male,Food And Beverages,18.22,7,133.917,3/10/2019,2:04:00 PM,Credit Card,127.54,6.377,6.6,Sunday,March,00:00.0,not Satisfied
246-55-6923,Giza,Naypyitaw,Member,Female,Home And Lifestyle,35.79,9,338.2155,3/10/2019,3:06:00 PM,Credit Card,322.11,16.1055,5.1,Sunday,March,00:00.0,not Satisfied
453-12-7053,Giza,Naypyitaw,Normal,Male,Fashion Accessories,45.74,3,144.081,3/10/2019,5:38:00 PM,Credit Card,137.22,6.861,6.5,Sunday,March,00:00.0,not Satisfied
156-20-0370,Cairo,Mandalay,Normal,Female,Electronic Accessories,25.45,1,26.7225,3/10/2019,6:10:00 PM,Credit Card,25.45,1.2725,5.1,Sunday,March,00:00.0,not Satisfied
668-90-8900,Alex,Yangon,Member,Female,Home And Lifestyle,93.69,7,688.6215,3/10/2019,6:44:00 PM,Credit Card,655.83,32.7915,4.5,Sunday,March,00:00.0,not Satisfied
696-90-2548,Alex,Yangon,Normal,Male,Sports And Travel,25.84,3,81.396,3/10/2019,6:55:00 PM,E-Wallet,77.52,3.876,6.6,Sunday,March,00:00.0,not Satisfied
790-29-1172,Cairo,Mandalay,Normal,Female,Food And Beverages,57.34,3,180.621,3/10/2019,6:59:00 PM,Credit Card,172.02,8.601,7.9,Sunday,March,00:00.0,Satisfied
129-29-8530,Alex,Yangon,Member,Female,Sports And Travel,62.62,5,328.755,3/10/2019,7:15:00 PM,E-Wallet,313.1,15.655,7,Sunday,March,00:00.0,Satisfied
239-48-4278,Alex,Yangon,Member,Male,Food And Beverages,10.13,7,74.4555,3/10/2019,7:35:00 PM,E-Wallet,70.91,3.5455,8.3,Sunday,March,00:00.0,Satisfied
745-74-0715,Alex,Yangon,Normal,Male,Electronic Accessories,58.03,2,121.863,3/10/2019,8:46:00 PM,E-Wallet,116.06,5.803,8.8,Sunday,March,00:00.0,Satisfied
656-95-9349,Alex,Yangon,Member,Female,Health And Beauty,68.93,7,506.6355,3/11/2019,11:03:00 AM,Credit Card,482.51,24.1255,4.6,Monday,March,00:00.0,not Satisfied
448-81-5016,Alex,Yangon,Normal,Male,Health And Beauty,59.77,2,125.517,3/11/2019,12:01:00 PM,Credit Card,119.54,5.977,5.8,Monday,March,00:00.0,not Satisfied
749-81-8133,Alex,Yangon,Normal,Female,Fashion Accessories,94.67,4,397.614,3/11/2019,12:04:00 PM,Cash,378.68,18.934,6.8,Monday,March,00:00.0,not Satisfied
721-86-6247,Alex,Yangon,Normal,Female,Home And Lifestyle,63.42,8,532.728,3/11/2019,12:55:00 PM,E-Wallet,507.36,25.368,7.4,Monday,March,00:00.0,Satisfied
892-05-6689,Alex,Yangon,Normal,Female,Home And Lifestyle,28.32,5,148.68,3/11/2019,1:28:00 PM,E-Wallet,141.6,7.08,6.2,Monday,March,00:00.0,not Satisfied
689-16-9784,Giza,Naypyitaw,Normal,Male,Food And Beverages,46.77,6,294.651,3/11/2019,1:37:00 PM,Cash,280.62,14.031,6,Monday,March,00:00.0,not Satisfied
319-50-3348,Cairo,Mandalay,Member,Female,Home And Lifestyle,40.3,2,84.63,3/11/2019,3:30:00 PM,E-Wallet,80.6,4.03,4.4,Monday,March,00:00.0,not Satisfied
891-58-8335,Cairo,Mandalay,Member,Female,Sports And Travel,29.61,7,217.6335,3/11/2019,3:53:00 PM,Cash,207.27,10.3635,6.5,Monday,March,00:00.0,not Satisfied
584-86-7256,Giza,Naypyitaw,Member,Male,Sports And Travel,34.56,7,254.016,3/11/2019,4:07:00 PM,Credit Card,241.92,12.096,7.3,Monday,March,00:00.0,Satisfied
704-20-4138,Giza,Naypyitaw,Member,Female,Health And Beauty,29.67,7,218.0745,3/11/2019,6:58:00 PM,Credit Card,207.69,10.3845,8.1,Monday,March,00:00.0,Satisfied
214-30-2776,Cairo,Mandalay,Member,Female,Electronic Accessories,34.49,5,181.0725,3/11/2019,7:44:00 PM,Credit Card,172.45,8.6225,9,Monday,March,00:00.0,Satisfied
427-45-9297,Cairo,Mandalay,Member,Female,Home And Lifestyle,40.73,7,299.3655,3/12/2019,11:01:00 AM,E-Wallet,285.11,14.2555,5.4,Tuesday,March,00:00.0,not Satisfied
152-08-9985,Cairo,Mandalay,Member,Female,Health And Beauty,64.36,9,608.202,3/12/2019,12:09:00 PM,Credit Card,579.24,28.962,8.6,Tuesday,March,00:00.0,Satisfied
253-12-6086,Alex,Yangon,Member,Female,Sports And Travel,98.4,7,723.24,3/12/2019,12:43:00 PM,Credit Card,688.8,34.44,8.7,Tuesday,March,00:00.0,Satisfied
545-46-3100,Cairo,Mandalay,Member,Female,Electronic Accessories,10.59,3,33.3585,3/12/2019,1:52:00 PM,Credit Card,31.77,1.5885,8.7,Tuesday,March,00:00.0,Satisfied
565-17-3836,Alex,Yangon,Member,Female,Health And Beauty,47.67,4,200.214,3/12/2019,2:21:00 PM,Cash,190.68,9.534,9.1,Tuesday,March,00:00.0,Satisfied
719-76-3868,Giza,Naypyitaw,Member,Male,Food And Beverages,94.26,4,395.892,3/12/2019,4:30:00 PM,Cash,377.04,18.852,8.6,Tuesday,March,00:00.0,Satisfied
573-10-3877,Cairo,Mandalay,Member,Male,Health And Beauty,39.01,1,40.9605,3/12/2019,4:46:00 PM,Credit Card,39.01,1.9505,4.7,Tuesday,March,00:00.0,not Satisfied
266-20-6657,Giza,Naypyitaw,Member,Male,Food And Beverages,55.04,7,404.544,3/12/2019,7:39:00 PM,E-Wallet,385.28,19.264,5.2,Tuesday,March,00:00.0,not Satisfied
276-54-0879,Cairo,Mandalay,Normal,Male,Sports And Travel,97.74,4,410.508,3/12/2019,7:53:00 PM,E-Wallet,390.96,19.548,6.4,Tuesday,March,00:00.0,not Satisfied
699-01-4164,Giza,Naypyitaw,Normal,Male,Health And Beauty,41.5,4,174.3,3/12/2019,7:58:00 PM,Credit Card,166,8.3,8.2,Tuesday,March,00:00.0,Satisfied
651-61-0874,Giza,Naypyitaw,Normal,Male,Home And Lifestyle,46.22,4,194.124,3/12/2019,8:04:00 PM,Credit Card,184.88,9.244,6.2,Tuesday,March,00:00.0,not Satisfied
120-06-4233,Giza,Naypyitaw,Member,Female,Electronic Accessories,30.61,6,238.75799999999998,3/12/2019,8:36:00 PM,Cash,183.66,9.183,9.3,Tuesday,March,00:00.0,Satisfied
585-03-5943,Cairo,Mandalay,Normal,Male,Health And Beauty,18.11,10,190.155,3/13/2019,11:46:00 AM,E-Wallet,181.1,9.055,5.9,Wednesday,March,00:00.0,not Satisfied
137-74-8729,Giza,Naypyitaw,Normal,Female,Fashion Accessories,12.19,8,102.396,3/13/2019,12:47:00 PM,E-Wallet,97.52,4.876,6.8,Wednesday,March,00:00.0,not Satisfied
173-57-2300,Giza,Naypyitaw,Member,Male,Sports And Travel,72.88,2,153.048,3/13/2019,12:51:00 PM,Cash,145.76,7.288,6.1,Wednesday,March,00:00.0,not Satisfied
316-01-3952,Alex,Yangon,Normal,Female,Food And Beverages,54.27,5,284.9175,3/13/2019,2:16:00 PM,E-Wallet,271.35,13.5675,4.6,Wednesday,March,00:00.0,not Satisfied
584-66-4073,Giza,Naypyitaw,Normal,Male,Fashion Accessories,56.5,1,59.325,3/13/2019,3:45:00 PM,E-Wallet,56.5,2.825,9.6,Wednesday,March,00:00.0,Satisfied
877-22-3308,Alex,Yangon,Member,Female,Health And Beauty,15.87,10,238.05,3/13/2019,4:40:00 PM,Cash,158.7,7.935,5.8,Wednesday,March,00:00.0,not Satisfied
655-85-5130,Cairo,Mandalay,Member,Female,Fashion Accessories,38.3,4,160.86,3/13/2019,7:22:00 PM,Cash,153.2,7.66,5.7,Wednesday,March,00:00.0,not Satisfied
101-17-6199,Alex,Yangon,Normal,Male,Food And Beverages,45.79,7,336.5565,3/13/2019,7:44:00 PM,Credit Card,320.53,16.0265,7,Wednesday,March,00:00.0,Satisfied
686-41-0932,Cairo,Mandalay,Normal,Female,Fashion Accessories,34.7,2,72.87,3/13/2019,7:48:00 PM,E-Wallet,69.4,3.47,8.2,Wednesday,March,00:00.0,Satisfied
336-78-2147,Giza,Naypyitaw,Member,F,Home And Lifestyle,63.91,8,536.844,3/13/2019,7:52:00 PM,Credit Card,511.28,25.564,4.6,Wednesday,March,00:00.0,not Satisfied
379-17-6588,Giza,Naypyitaw,Normal,Male,Fashion Accessories,59.61,10,625.905,3/14/2019,11:07:00 AM,Cash,596.1,29.805,5.3,Thursday,March,00:00.0,not Satisfied
210-30-7976,Cairo,Mandalay,Member,Female,Fashion Accessories,22.32,4,93.744,3/14/2019,11:16:00 AM,E-Wallet,89.28,4.464,4.1,Thursday,March,00:00.0,not Satisfied
442-48-3607,Alex,Yangon,Member,Male,Food And Beverages,23.48,2,49.308,3/14/2019,11:21:00 AM,Credit Card,46.96,2.348,7.9,Thursday,March,00:00.0,Satisfied
189-52-0236,Alex,Yangon,Normal,Male,Electronic Accessories,99.55,7,731.6925,3/14/2019,12:07:00 PM,Cash,696.85,34.8425,7.6,Thursday,March,00:00.0,Satisfied
174-75-0888,Cairo,Mandalay,Normal,Male,Electronic Accessories,21.58,9,203.931,3/14/2019,12:32:00 PM,Cash,194.22,9.711,7.3,Thursday,March,00:00.0,Satisfied
457-12-0244,Giza,Naypyitaw,Member,Female,Sports And Travel,35.22,6,221.886,3/14/2019,1:49:00 PM,E-Wallet,211.32,10.566,6.5,Thursday,March,00:00.0,not Satisfied
169-52-4504,Alex,Yangon,Normal,Female,Electronic Accessories,15.69,3,49.4235,3/14/2019,2:13:00 PM,Credit Card,47.07,2.3535,5.8,Thursday,March,00:00.0,not Satisfied
139-32-4183,Alex,Yangon,Member,Female,Sports And Travel,97.48,9,921.186,3/14/2019,2:19:00 PM,E-Wallet,877.32,43.866,7.4,Thursday,March,00:00.0,Satisfied
628-90-8624,Cairo,Mandalay,Member,Male,Health And Beauty,82.58,10,867.09,3/14/2019,2:41:00 PM,Cash,825.8,41.29,5,Thursday,March,00:00.0,not Satisfied
722-13-2115,Giza,Naypyitaw,Member,Male,Sports And Travel,42.85,1,44.9925,3/14/2019,3:36:00 PM,Credit Card,42.85,2.1425,9.3,Thursday,March,00:00.0,Satisfied
499-27-7781,Cairo,Mandalay,Normal,Female,Food And Beverages,53.21,8,446.964,3/14/2019,4:45:00 PM,E-Wallet,425.68,21.284,5,Thursday,March,00:00.0,not Satisfied
558-80-4082,Giza,Naypyitaw,Normal,Male,Electronic Accessories,27.85,7,204.6975,3/14/2019,5:20:00 PM,E-Wallet,194.95,9.7475,6,Thursday,March,00:00.0,not Satisfied
808-65-0703,Giza,Naypyitaw,Normal,Male,Home And Lifestyle,35.47,4,148.974,3/14/2019,5:22:00 PM,Credit Card,141.88,7.094,6.9,Thursday,March,00:00.0,not Satisfied
730-70-9830,Giza,Naypyitaw,Normal,Female,Home And Lifestyle,70.11,6,441.693,3/14/2019,5:54:00 PM,E-Wallet,420.66,21.033,5.2,Thursday,March,00:00.0,not Satisfied
840-19-2096,Giza,Naypyitaw,Member,Male,Electronic Accessories,87.91,5,461.5275,3/14/2019,6:10:00 PM,E-Wallet,439.55,21.9775,4.4,Thursday,March,00:00.0,not Satisfied
115-99-4379,Cairo,Mandalay,Member,Female,Fashion Accessories,54.73,7,402.2655,3/14/2019,7:02:00 PM,Credit Card,383.11,19.1555,8.5,Thursday,March,00:00.0,Satisfied
122-61-9553,Giza,Naypyitaw,Normal,Female,Electronic Accessories,51.32,9,484.974,3/14/2019,7:33:00 PM,Cash,461.88,23.094,5.6,Thursday,March,00:00.0,not Satisfied
373-09-4567,Giza,Naypyitaw,Normal,Male,Food And Beverages,77.56,10,814.38,3/14/2019,8:35:00 PM,E-Wallet,775.6,38.78,6.9,Thursday,March,00:00.0,not Satisfied
595-11-5460,Alex,Yangon,Member,Female,Health And Beauty,96.58,2,202.818,3/15/2019,10:12:00 AM,Credit Card,193.16,9.658,5.1,Friday,March,00:00.0,not Satisfied
760-54-1821,Cairo,Mandalay,Normal,Male,Home And Lifestyle,13.59,9,128.4255,3/15/2019,10:26:00 AM,Cash,122.31,6.1155,5.8,Friday,March,00:00.0,not Satisfied
359-94-5395,Cairo,Mandalay,Normal,Male,Health And Beauty,92.78,1,97.419,3/15/2019,10:50:00 AM,Credit Card,92.78,4.639,9.8,Friday,March,00:00.0,Satisfied
542-41-0513,Cairo,Mandalay,Member,Female,Electronic Accessories,57.49,4,241.458,3/15/2019,11:57:00 AM,Cash,229.96,11.498,6.6,Friday,March,00:00.0,not Satisfied
273-16-6619,Cairo,Mandalay,Member,Female,Home And Lifestyle,33.2,2,69.72,3/15/2019,12:20:00 PM,Credit Card,66.4,3.32,4.4,Friday,March,00:00.0,not Satisfied
585-11-6748,Cairo,Mandalay,Member,Male,Sports And Travel,96.8,3,304.92,3/15/2019,1:05:00 PM,Cash,290.4,14.52,5.3,Friday,March,00:00.0,not Satisfied
154-87-7367,Giza,Naypyitaw,Normal,Male,Home And Lifestyle,65.26,8,548.184,3/15/2019,2:04:00 PM,E-Wallet,522.08,26.104,6.3,Friday,March,00:00.0,not Satisfied
565-91-4567,Cairo,Mandalay,Normal,Male,Health And Beauty,10.75,8,90.3,3/15/2019,2:38:00 PM,E-Wallet,86,4.3,6.2,Friday,March,00:00.0,not Satisfied
361-59-0574,Cairo,Mandalay,Member,Male,Sports And Travel,90.53,8,760.452,3/15/2019,2:48:00 PM,Credit Card,724.24,36.212,6.5,Friday,March,00:00.0,not Satisfied
848-62-7243,Alex,Yangon,Member,Female,Health And Beauty,24.89,9,235.2105,3/15/2019,3:36:00 PM,Cash,224.01,11.2005,7.4,Friday,March,00:00.0,Satisfied
605-83-1050,Cairo,Mandalay,Normal,Male,Fashion Accessories,27.18,2,57.078,3/15/2019,4:26:00 PM,E-Wallet,54.36,2.718,4.3,Friday,March,00:00.0,not Satisfied
510-09-5628,Alex,Yangon,Member,Female,Fashion Accessories,19.66,10,206.43,3/15/2019,6:20:00 PM,Credit Card,196.6,9.83,7.2,Friday,March,00:00.0,Satisfied
701-69-8742,Cairo,Mandalay,Normal,Male,Sports And Travel,34.37,10,360.885,3/16/2019,10:11:00 AM,E-Wallet,343.7,17.185,6.7,Saturday,March,00:00.0,not Satisfied
290-68-2984,Alex,Yangon,Normal,Male,Home And Lifestyle,23.75,4,99.75,3/16/2019,11:22:00 AM,Cash,95,4.75,5.2,Saturday,March,00:00.0,not Satisfied
727-17-0390,Alex,Yangon,Normal,Female,Food And Beverages,63.61,5,333.9525,3/16/2019,12:43:00 PM,E-Wallet,318.05,15.9025,4.8,Saturday,March,00:00.0,not Satisfied
210-74-9613,Giza,Naypyitaw,Normal,Male,Fashion Accessories,97.26,4,408.492,3/16/2019,3:33:00 PM,E-Wallet,389.04,19.452,6.8,Saturday,March,00:00.0,not Satisfied
578-80-7669,Cairo,Mandalay,Normal,Male,Sports And Travel,74.97,1,78.7185,3/16/2019,4:58:00 PM,Cash,74.97,3.7485,5.6,Saturday,March,00:00.0,not Satisfied
711-31-1234,Cairo,Mandalay,Normal,Female,Electronic Accessories,95.64,4,401.688,3/16/2019,6:51:00 PM,Cash,382.56,19.128,7.9,Saturday,March,00:00.0,Satisfied
286-43-6208,Giza,Naypyitaw,Normal,Female,Food And Beverages,87.8,9,829.71,3/16/2019,7:08:00 PM,Cash,790.2,39.51,9.2,Saturday,March,00:00.0,Satisfied
575-30-8091,Alex,Yangon,Normal,Female,Sports And Travel,72.5,8,609,3/16/2019,7:25:00 PM,E-Wallet,580,29,9.2,Saturday,March,00:00.0,Satisfied
617-15-4209,Giza,Naypyitaw,Member,Female,Health And Beauty,15.37,2,32.277,3/16/2019,7:47:00 PM,Cash,30.74,1.537,7.2,Saturday,March,00:00.0,Satisfied
152-03-4217,Cairo,Mandalay,Normal,Female,Home And Lifestyle,11.28,9,106.596,3/17/2019,11:55:00 AM,Credit Card,101.52,5.076,4.3,Sunday,March,00:00.0,not Satisfied
642-30-6693,Cairo,Mandalay,Normal,Female,Sports And Travel,54.51,6,343.413,3/17/2019,1:54:00 PM,E-Wallet,327.06,16.353,7.8,Sunday,March,00:00.0,Satisfied
220-68-6701,Alex,Yangon,Normal,Female,Home And Lifestyle,77.47,4,325.374,3/17/2019,4:36:00 PM,Cash,309.88,15.494,4.2,Sunday,March,00:00.0,not Satisfied
320-32-8842,Giza,Naypyitaw,Member,Female,Food And Beverages,22.62,1,23.751,3/17/2019,6:58:00 PM,Cash,22.62,1.131,6.4,Sunday,March,00:00.0,not Satisfied
662-47-5456,Giza,Naypyitaw,Member,Male,Fashion Accessories,35.19,10,369.495,3/17/2019,7:06:00 PM,Credit Card,351.9,17.595,8.4,Sunday,March,00:00.0,Satisfied
880-46-5796,Alex,Yangon,Member,Male,Sports And Travel,76.92,10,807.66,3/17/2019,7:53:00 PM,E-Wallet,769.2,38.46,5.6,Sunday,March,00:00.0,not Satisfied
420-04-7590,Cairo,Mandalay,Normal,Male,Home And Lifestyle,99.7,3,314.055,3/18/2019,11:29:00 AM,E-Wallet,299.1,14.955,4.7,Monday,March,00:00.0,not Satisfied
776-68-1096,Cairo,Mandalay,Normal,Male,Home And Lifestyle,44.12,3,138.978,3/18/2019,1:45:00 PM,Credit Card,132.36,6.618,7.9,Monday,March,00:00.0,Satisfied
256-58-3609,Giza,Naypyitaw,Member,Male,Fashion Accessories,91.98,1,96.579,3/18/2019,3:29:00 PM,Cash,91.98,4.599,9.8,Monday,March,00:00.0,Satisfied
413-20-6708,Giza,Naypyitaw,Member,Female,Fashion Accessories,51.47,1,54.0435,3/18/2019,3:52:00 PM,E-Wallet,51.47,2.5735,8.5,Monday,March,00:00.0,Satisfied
485-30-8700,Alex,Yangon,Normal,Female,Sports And Travel,33.26,5,174.615,3/18/2019,4:10:00 PM,Credit Card,166.3,8.315,4.2,Monday,March,00:00.0,not Satisfied
439-54-7422,Alex,Yangon,Normal,Female,Electronic Accessories,51.19,4,214.998,3/18/2019,5:15:00 PM,Credit Card,204.76,10.238,4.7,Monday,March,00:00.0,not Satisfied
263-87-5680,Giza,Naypyitaw,Member,Female,Home And Lifestyle,28.53,10,299.565,3/18/2019,5:38:00 PM,E-Wallet,285.3,14.265,7.8,Monday,March,00:00.0,Satisfied
831-07-6050,Alex,Yangon,Normal,Male,Electronic Accessories,32.71,5,171.7275,3/19/2019,11:30:00 AM,Credit Card,163.55,8.1775,9.9,Tuesday,March,00:00.0,Satisfied
737-88-5876,Alex,Yangon,Member,Male,Home And Lifestyle,23.29,4,97.818,3/19/2019,11:52:00 AM,Credit Card,93.16,4.658,5.9,Tuesday,March,00:00.0,not Satisfied
318-81-2368,Giza,Naypyitaw,Normal,Female,Electronic Accessories,46.2,1,48.51,3/19/2019,12:16:00 PM,Cash,46.2,2.31,6.3,Tuesday,March,00:00.0,not Satisfied
568-90-5112,Giza,Naypyitaw,Normal,Male,Health And Beauty,66.14,4,277.788,3/19/2019,12:46:00 PM,Credit Card,264.56,13.228,5.6,Tuesday,March,00:00.0,not Satisfied
850-41-9669,Alex,Yangon,Normal,Female,Electronic Accessories,75.06,9,709.317,3/19/2019,1:25:00 PM,E-Wallet,675.54,33.777,6.2,Tuesday,March,00:00.0,not Satisfied
548-48-3156,Alex,Yangon,Member,Female,Food And Beverages,83.34,2,175.014,3/19/2019,1:37:00 PM,Cash,166.68,8.334,7.6,Tuesday,March,00:00.0,Satisfied
701-23-5550,Cairo,Mandalay,Member,Male,Home And Lifestyle,38.81,4,163.002,3/19/2019,1:40:00 PM,E-Wallet,155.24,7.762,4.9,Tuesday,March,00:00.0,not Satisfied
462-78-5240,Giza,Naypyitaw,Normal,Female,Electronic Accessories,26.61,2,55.881,3/19/2019,2:35:00 PM,Cash,53.22,2.661,4.2,Tuesday,March,00:00.0,not Satisfied
593-08-5916,Alex,Yangon,Normal,Female,Fashion Accessories,15.5,1,16.275,3/19/2019,3:23:00 PM,Credit Card,15.5,0.775,7.4,Tuesday,March,00:00.0,Satisfied
155-45-3814,Giza,Naypyitaw,Member,Female,Electronic Accessories,88.55,8,743.82,3/19/2019,3:29:00 PM,E-Wallet,708.4,35.42,4.7,Tuesday,March,00:00.0,not Satisfied
898-04-2717,Alex,Yangon,Normal,Male,Fashion Accessories,76.4,9,721.98,3/19/2019,3:49:00 PM,E-Wallet,687.6,34.38,7.5,Tuesday,March,00:00.0,Satisfied
728-88-7867,Giza,Naypyitaw,Member,Female,Home And Lifestyle,75.53,4,317.226,3/19/2019,3:52:00 PM,E-Wallet,302.12,15.106,8.3,Tuesday,March,00:00.0,Satisfied
574-22-5561,Giza,Naypyitaw,Member,Female,Fashion Accessories,82.63,10,867.615,3/19/2019,5:08:00 PM,E-Wallet,826.3,41.315,7.9,Tuesday,March,00:00.0,Satisfied
716-39-1409,Cairo,Mandalay,Member,Female,Health And Beauty,30.35,7,223.0725,3/19/2019,6:19:00 PM,Cash,212.45,10.6225,8,Tuesday,March,00:00.0,Satisfied
751-69-0068,Giza,Naypyitaw,Normal,Male,Sports And Travel,99.24,9,937.818,3/19/2019,7:09:00 PM,E-Wallet,893.16,44.658,9,Tuesday,March,00:00.0,Satisfied
301-81-8610,Cairo,Mandalay,Member,Male,Fashion Accessories,25.42,8,213.528,3/19/2019,7:42:00 PM,Credit Card,203.36,10.168,6.7,Tuesday,March,00:00.0,not Satisfied
451-28-5717,Giza,Naypyitaw,Member,Female,Home And Lifestyle,83.17,6,523.971,3/20/2019,11:23:00 AM,Cash,499.02,24.951,7.3,Wednesday,March,00:00.0,Satisfied
805-86-0265,Alex,Yangon,Normal,Male,Home And Lifestyle,93.96,9,887.922,3/20/2019,11:32:00 AM,Cash,845.64,42.282,9.8,Wednesday,March,00:00.0,Satisfied
509-29-3912,Alex,Yangon,Member,Female,Sports And Travel,38.72,9,365.904,3/20/2019,12:24:00 PM,E-Wallet,348.48,17.424,4.2,Wednesday,March,00:00.0,not Satisfied
514-37-2845,Cairo,Mandalay,Normal,Male,Fashion Accessories,99.25,2,208.425,3/20/2019,1:02:00 PM,Cash,198.5,9.925,9,Wednesday,March,00:00.0,Satisfied
650-98-6268,Cairo,Mandalay,Member,Female,Food And Beverages,20.87,3,65.7405,3/20/2019,1:53:00 PM,Credit Card,62.61,3.1305,8,Wednesday,March,00:00.0,Satisfied
632-32-4574,Cairo,Mandalay,Normal,Male,Sports And Travel,75.92,8,637.728,3/20/2019,2:14:00 PM,Cash,607.36,30.368,5.5,Wednesday,March,00:00.0,not Satisfied
760-90-2357,Alex,Yangon,Member,Male,Electronic Accessories,74.51,6,469.413,3/20/2019,3:08:00 PM,E-Wallet,447.06,22.353,5,Wednesday,March,00:00.0,not Satisfied
213-72-6612,Alex,Yangon,Normal,Male,Food And Beverages,43.25,2,90.825,3/20/2019,3:56:00 PM,Cash,86.5,4.325,6.2,Wednesday,March,00:00.0,not Satisfied
537-72-0426,Giza,Naypyitaw,Member,Male,Fashion Accessories,70.99,10,745.395,3/20/2019,4:28:00 PM,Cash,709.9,35.495,5.7,Wednesday,March,00:00.0,not Satisfied
102-06-2002,Giza,Naypyitaw,Member,Male,Sports And Travel,25.25,5,132.5625,3/20/2019,5:52:00 PM,Cash,126.25,6.3125,6.1,Wednesday,March,00:00.0,not Satisfied
142-63-6033,Cairo,Mandalay,Normal,Male,Home And Lifestyle,92.36,5,484.89,3/20/2019,7:17:00 PM,E-Wallet,461.8,23.09,4.9,Wednesday,March,00:00.0,not Satisfied
182-88-2763,Cairo,Mandalay,Member,Male,Food And Beverages,79.91,3,251.7165,3/20/2019,7:28:00 PM,Credit Card,239.73,11.9865,5,Wednesday,March,00:00.0,not Satisfied
436-54-4512,Alex,Yangon,Member,Female,Food And Beverages,91.61,1,96.1905,3/20/2019,7:44:00 PM,Cash,91.61,4.5805,9.8,Wednesday,March,00:00.0,Satisfied
574-31-8277,Cairo,Mandalay,Member,Male,Fashion Accessories,33.63,1,35.3115,3/20/2019,7:55:00 PM,Cash,33.63,1.6815,5.6,Wednesday,March,00:00.0,not Satisfied
828-61-5674,Alex,Yangon,Member,Male,Sports And Travel,44.02,10,462.21,3/20/2019,7:57:00 PM,Credit Card,440.2,22.01,9.6,Wednesday,March,00:00.0,Satisfied
527-09-6272,Alex,Yangon,Member,Female,Electronic Accessories,28.45,5,149.3625,3/21/2019,10:17:00 AM,Credit Card,142.25,7.1125,9.1,Thursday,March,00:00.0,Satisfied
512-98-1403,Alex,Yangon,Member,Female,Electronic Accessories,26.48,3,83.412,3/21/2019,10:40:00 AM,E-Wallet,79.44,3.972,4.7,Thursday,March,00:00.0,not Satisfied
438-01-4015,Cairo,Mandalay,Member,Female,Sports And Travel,49.49,4,207.858,3/21/2019,3:25:00 PM,E-Wallet,197.96,9.898,6.6,Thursday,March,00:00.0,not Satisfied
448-61-3783,Alex,Yangon,Normal,Female,Electronic Accessories,90.02,8,756.168,3/21/2019,4:08:00 PM,Credit Card,720.16,36.008,4.5,Thursday,March,00:00.0,not Satisfied
827-26-2100,Alex,Yangon,Member,M,Home And Lifestyle,33.84,9,319.788,3/21/2019,4:21:00 PM,E-Wallet,304.56,15.228,8.8,Thursday,March,00:00.0,Satisfied
500-02-2261,Giza,Naypyitaw,Normal,Female,Food And Beverages,57.29,6,360.927,3/21/2019,5:04:00 PM,E-Wallet,343.74,17.187,5.9,Thursday,March,00:00.0,not Satisfied
674-56-6360,Alex,Yangon,Normal,Male,Electronic Accessories,95.15,1,99.9075,3/22/2019,2:00:00 PM,Cash,95.15,4.7575,6,Friday,March,00:00.0,not Satisfied
550-84-8664,Alex,Yangon,Normal,Male,Sports And Travel,85.91,5,451.0275,3/22/2019,2:33:00 PM,Credit Card,429.55,21.4775,8.6,Friday,March,00:00.0,Satisfied
616-24-2851,Cairo,Mandalay,Member,Female,Fashion Accessories,17.87,4,75.054,3/22/2019,2:42:00 PM,E-Wallet,71.48,3.574,6.5,Friday,March,00:00.0,not Satisfied
802-43-8934,Alex,Yangon,Normal,Male,Home And Lifestyle,18.28,1,19.194,3/22/2019,3:05:00 PM,Credit Card,18.28,0.914,8.3,Friday,March,00:00.0,Satisfied
554-53-3790,Cairo,Mandalay,Normal,Male,Sports And Travel,37.02,6,233.226,3/22/2019,6:33:00 PM,Cash,222.12,11.106,4.5,Friday,March,00:00.0,not Satisfied
886-18-2897,Alex,Yangon,Normal,Female,Food And Beverages,56.56,5,296.94,3/22/2019,7:06:00 PM,Credit Card,282.8,14.14,4.5,Friday,March,00:00.0,not Satisfied
227-03-5010,Alex,Yangon,Member,Female,Home And Lifestyle,52.59,8,441.756,3/22/2019,7:20:00 PM,Credit Card,420.72,21.036,8.5,Friday,March,00:00.0,Satisfied
394-30-3170,Cairo,Mandalay,Member,Female,Sports And Travel,88.43,8,742.812,3/22/2019,7:35:00 PM,Credit Card,707.44,35.372,4.3,Friday,March,00:00.0,not Satisfied
472-15-9636,Alex,Yangon,Normal,Male,Home And Lifestyle,50.93,8,427.812,3/22/2019,7:36:00 PM,E-Wallet,407.44,20.372,9.2,Friday,March,00:00.0,Satisfied
630-74-5166,Alex,Yangon,Member,Female,Sports And Travel,62.13,6,391.419,3/22/2019,8:19:00 PM,Cash,372.78,18.639,7.4,Friday,March,00:00.0,Satisfied
856-22-8149,Alex,Yangon,Normal,Female,Home And Lifestyle,25.29,1,26.5545,3/23/2019,10:13:00 AM,E-Wallet,25.29,1.2645,6.1,Saturday,March,00:00.0,not Satisfied
865-92-6136,Alex,Yangon,Member,Female,Food And Beverages,52.75,3,166.1625,3/23/2019,10:16:00 AM,E-Wallet,158.25,7.9125,9.3,Saturday,March,00:00.0,Satisfied
851-28-6367,Alex,Yangon,Member,Male,Sports And Travel,15.5,10,162.75,3/23/2019,10:55:00 AM,E-Wallet,155,7.75,8,Saturday,March,00:00.0,Satisfied
733-29-1227,Giza,Naypyitaw,Normal,Male,Home And Lifestyle,55.61,7,408.7335,3/23/2019,12:41:00 PM,Cash,389.27,19.4635,8.5,Saturday,March,00:00.0,Satisfied
884-80-6021,Alex,Yangon,Member,Female,Electronic Accessories,73.47,10,771.435,3/23/2019,1:14:00 PM,E-Wallet,734.7,36.735,9.5,Saturday,March,00:00.0,Satisfied
474-33-8305,Giza,Naypyitaw,Member,Male,Fashion Accessories,67.39,7,495.3165,3/23/2019,1:23:00 PM,E-Wallet,471.73,23.5865,6.9,Saturday,March,00:00.0,not Satisfied
333-73-7901,Giza,Naypyitaw,Member,Female,Health And Beauty,54.92,8,461.328,3/23/2019,1:24:00 PM,E-Wallet,439.36,21.968,7.6,Saturday,March,00:00.0,Satisfied
386-27-7606,Giza,Naypyitaw,Member,Female,Home And Lifestyle,81.2,7,596.82,3/23/2019,3:59:00 PM,Credit Card,568.4,28.42,8.1,Saturday,March,00:00.0,Satisfied
795-49-7276,Alex,Yangon,Normal,Male,Fashion Accessories,37.15,4,156.03,3/23/2019,6:59:00 PM,E-Wallet,148.6,7.43,8.3,Saturday,March,00:00.0,Satisfied
407-63-8975,Alex,Yangon,Normal,Male,Food And Beverages,73.88,6,465.444,3/23/2019,7:16:00 PM,E-Wallet,443.28,22.164,4.4,Saturday,March,00:00.0,not Satisfied
608-96-3517,Cairo,Mandalay,Member,Female,Fashion Accessories,91.54,4,384.468,3/23/2019,7:20:00 PM,Credit Card,366.16,18.308,4.8,Saturday,March,00:00.0,not Satisfied
468-88-0009,Alex,Yangon,Member,Male,Home And Lifestyle,65.94,4,276.948,3/24/2019,10:29:00 AM,Cash,263.76,13.188,6,Sunday,March,00:00.0,not Satisfied
588-01-7461,Giza,Naypyitaw,Member,Female,Food And Beverages,33.98,9,321.111,3/24/2019,10:43:00 AM,Cash,305.82,15.291,4.2,Sunday,March,00:00.0,not Satisfied
641-62-7288,Cairo,Mandalay,Normal,Male,Home And Lifestyle,99.92,6,629.496,3/24/2019,1:33:00 PM,E-Wallet,599.52,29.976,7.1,Sunday,March,00:00.0,Satisfied
835-16-0096,Giza,Naypyitaw,Member,Male,Sports And Travel,14.7,5,77.175,3/24/2019,1:48:00 PM,E-Wallet,73.5,3.675,8.5,Sunday,March,00:00.0,Satisfied
851-98-3555,Cairo,Mandalay,Normal,Female,Health And Beauty,82.88,5,435.12,3/24/2019,2:08:00 PM,Credit Card,414.4,20.72,6.6,Sunday,March,00:00.0,not Satisfied
334-64-2006,Alex,Yangon,Member,Female,Home And Lifestyle,70.32,2,147.672,3/24/2019,2:22:00 PM,E-Wallet,140.64,7.032,9.6,Sunday,March,00:00.0,Satisfied
593-95-4461,Giza,Naypyitaw,Member,Male,Home And Lifestyle,74.86,1,78.603,3/24/2019,2:49:00 PM,Cash,74.86,3.743,6.9,Sunday,March,00:00.0,not Satisfied
118-62-1812,Giza,Naypyitaw,Member,Female,Home And Lifestyle,78.38,4,329.196,3/24/2019,5:56:00 PM,Cash,313.52,15.676,7.9,Sunday,March,00:00.0,Satisfied
725-67-2480,Cairo,Mandalay,Member,Female,Fashion Accessories,58.75,6,370.125,3/24/2019,6:14:00 PM,Credit Card,352.5,17.625,5.9,Sunday,March,00:00.0,not Satisfied
560-30-5617,Cairo,Mandalay,Normal,Female,Sports And Travel,24.77,5,130.0425,3/24/2019,6:27:00 PM,Cash,123.85,6.1925,8.5,Sunday,March,00:00.0,Satisfied
538-22-0304,Giza,Naypyitaw,Normal,Male,Electronic Accessories,64.95,10,681.975,3/24/2019,6:27:00 PM,Cash,649.5,32.475,5.2,Sunday,March,00:00.0,not Satisfied
362-58-8315,Giza,Naypyitaw,Member,Female,Fashion Accessories,76.52,5,401.73,3/25/2019,10:23:00 AM,Cash,382.6,19.13,9.9,Monday,March,00:00.0,Satisfied
340-66-0321,Alex,Yangon,Member,Male,Electronic Accessories,36.36,4,152.712,3/25/2019,1:07:00 PM,Cash,145.44,7.272,7.6,Monday,March,00:00.0,Satisfied
156-95-3964,Alex,Yangon,Normal,Female,Food And Beverages,55.39,4,232.638,3/25/2019,3:19:00 PM,E-Wallet,221.56,11.078,8,Monday,March,00:00.0,Satisfied
366-43-6862,Cairo,Mandalay,Normal,Male,Electronic Accessories,52.89,4,222.138,3/25/2019,4:32:00 PM,E-Wallet,211.56,10.578,6.7,Monday,March,00:00.0,not Satisfied
282-35-2475,Cairo,Mandalay,Normal,Female,Sports And Travel,93.31,2,195.951,3/25/2019,5:53:00 PM,Cash,186.62,9.331,6.3,Monday,March,00:00.0,not Satisfied
605-03-2706,Alex,Yangon,Normal,Female,Health And Beauty,15.8,3,49.77,3/25/2019,6:02:00 PM,Cash,47.4,2.37,9.5,Monday,March,00:00.0,Satisfied
134-75-2619,Alex,Yangon,Member,Male,Electronic Accessories,19.32,7,142.002,3/25/2019,6:51:00 PM,Cash,135.24,6.762,6.9,Monday,March,00:00.0,not Satisfied
110-05-6330,Giza,Naypyitaw,Normal,Female,Food And Beverages,39.43,6,248.409,3/25/2019,8:18:00 PM,Credit Card,236.58,11.829,9.4,Monday,March,00:00.0,Satisfied
236-27-1144,Giza,Naypyitaw,Normal,Female,Food And Beverages,16.31,9,154.1295,3/26/2019,10:31:00 AM,E-Wallet,146.79,7.3395,8.4,Tuesday,March,00:00.0,Satisfied
734-91-1155,Cairo,Mandalay,Normal,Female,Electronic Accessories,45.71,3,143.9865,3/26/2019,10:34:00 AM,Credit Card,137.13,6.8565,7.7,Tuesday,March,00:00.0,Satisfied
449-27-2918,Cairo,Mandalay,Member,Female,Sports And Travel,39.12,1,41.076,3/26/2019,11:02:00 AM,Credit Card,39.12,1.956,9.6,Tuesday,March,00:00.0,Satisfied
587-73-4862,Alex,Yangon,Member,Female,Health And Beauty,10.690000000000001,5,56.1225,3/26/2019,11:07:00 AM,E-Wallet,53.45,2.6725,7.6,Tuesday,March,00:00.0,Satisfied
797-88-0493,Alex,Yangon,Normal,Female,Health And Beauty,64.27,4,269.934,3/26/2019,1:54:00 PM,Cash,257.08,12.854,7.7,Tuesday,March,00:00.0,Satisfied
859-97-6048,Giza,Naypyitaw,Member,Male,Electronic Accessories,84.25,2,176.925,3/26/2019,2:13:00 PM,Credit Card,168.5,8.425,5.3,Tuesday,March,00:00.0,not Satisfied
848-24-9445,Giza,Naypyitaw,Member,Male,Health And Beauty,43.7,2,91.77,3/26/2019,6:03:00 PM,Cash,87.4,4.37,4.9,Tuesday,March,00:00.0,not Satisfied
760-53-9233,Alex,Yangon,Member,Male,Fashion Accessories,41.28,3,130.032,3/26/2019,6:37:00 PM,Credit Card,123.84,6.192,8.5,Tuesday,March,00:00.0,Satisfied
163-56-7055,Giza,Naypyitaw,Member,Female,Fashion Accessories,48.71,1,51.1455,3/26/2019,7:20:00 PM,Cash,48.71,2.4355,4.1,Tuesday,March,00:00.0,not Satisfied
487-79-6868,Cairo,Mandalay,Member,Female,Home And Lifestyle,12.29,9,116.1405,3/26/2019,7:28:00 PM,Credit Card,110.61,5.5305,8,Tuesday,March,00:00.0,Satisfied
807-34-3742,Alex,Yangon,Normal,Male,Fashion Accessories,52.38,1,54.999,3/26/2019,7:44:00 PM,Cash,52.38,2.619,5.8,Tuesday,March,00:00.0,not Satisfied
411-77-0180,Alex,Yangon,Member,Male,Electronic Accessories,72.2,7,530.67,3/26/2019,8:14:00 PM,E-Wallet,505.4,25.27,4.3,Tuesday,March,00:00.0,not Satisfied
595-94-9924,Alex,Yangon,Member,Female,Health And Beauty,27.73,5,145.5825,3/26/2019,8:21:00 PM,Credit Card,138.65,6.9325,4.2,Tuesday,March,00:00.0,not Satisfied
702-83-5291,Giza,Naypyitaw,Member,Male,Fashion Accessories,99.82,9,943.299,3/27/2019,10:43:00 AM,Cash,898.38,44.919,6.6,Wednesday,March,00:00.0,not Satisfied
106-35-6779,Alex,Yangon,Member,Female,Home And Lifestyle,44.34,2,97.548,3/27/2019,11:26:00 AM,Cash,88.68,4.434,5.8,Wednesday,March,00:00.0,not Satisfied
238-49-0436,Alex,Yangon,Normal,Male,Health And Beauty,32.46,8,272.664,3/27/2019,1:48:00 PM,Credit Card,259.68,12.984,4.9,Wednesday,March,00:00.0,not Satisfied
278-86-2735,Alex,Yangon,Normal,Female,Food And Beverages,52.34,3,164.871,3/27/2019,2:03:00 PM,Cash,157.02,7.851,9.2,Wednesday,March,00:00.0,Satisfied
794-32-2436,Cairo,Mandalay,Member,Male,Electronic Accessories,55.67,2,116.907,3/27/2019,3:08:00 PM,E-Wallet,111.34,5.567,6,Wednesday,March,00:00.0,not Satisfied
186-71-5196,Alex,Yangon,Member,Female,Food And Beverages,79.54,2,167.034,3/27/2019,4:30:00 PM,E-Wallet,159.08,7.954,6.2,Wednesday,March,00:00.0,not Satisfied
176-64-7711,Cairo,Mandalay,Normal,Male,Food And Beverages,32.32,3,101.808,3/27/2019,7:11:00 PM,Credit Card,96.96,4.848,4.3,Wednesday,March,00:00.0,not Satisfied
423-57-2993,Cairo,Mandalay,Normal,Male,Sports And Travel,93.39,6,588.357,3/27/2019,7:18:00 PM,E-Wallet,560.34,28.017,10,Wednesday,March,00:00.0,Satisfied
313-66-9943,Cairo,Mandalay,Member,Female,Food And Beverages,29.15,3,91.8225,3/27/2019,8:29:00 PM,Credit Card,87.45,4.3725,7.3,Wednesday,March,00:00.0,Satisfied
633-44-8566,Alex,Yangon,Member,Female,Food And Beverages,49.38,7,362.943,3/27/2019,8:35:00 PM,Credit Card,345.66,17.283,7.3,Wednesday,March,00:00.0,Satisfied
633-09-3463,Giza,Naypyitaw,Normal,Female,Electronic Accessories,47.65,3,150.0975,3/28/2019,12:58:00 PM,Credit Card,142.95,7.1475,9.5,Thursday,March,00:00.0,Satisfied
573-58-9734,Cairo,Mandalay,Normal,Female,Fashion Accessories,30.37,3,95.6655,3/28/2019,1:41:00 PM,E-Wallet,91.11,4.5555,5.1,Thursday,March,00:00.0,not Satisfied
266-76-6436,Giza,Naypyitaw,Member,Female,Food And Beverages,38.6,3,121.59,3/28/2019,1:57:00 PM,E-Wallet,115.8,5.79,7.5,Thursday,March,00:00.0,Satisfied
420-97-3340,Alex,Yangon,Normal,Female,Food And Beverages,71.68,3,225.792,3/28/2019,3:30:00 PM,Credit Card,215.04,10.752,9.2,Thursday,March,00:00.0,Satisfied
470-32-9057,Alex,Yangon,Member,Male,Food And Beverages,51.34,5,269.535,3/28/2019,3:31:00 PM,Credit Card,256.7,12.835,9.1,Thursday,March,00:00.0,Satisfied
857-16-3520,Alex,Yangon,Member,Female,Fashion Accessories,71.46,7,525.231,3/28/2019,4:06:00 PM,E-Wallet,500.22,25.011,4.5,Thursday,March,00:00.0,not Satisfied
212-62-1842,Alex,Yangon,Member,Female,Food And Beverages,58.26,6,367.038,3/28/2019,4:44:00 PM,Cash,349.56,17.478,9.9,Thursday,March,00:00.0,Satisfied
531-80-1784,Alex,Yangon,Normal,Male,Electronic Accessories,26.02,7,191.247,3/28/2019,5:38:00 PM,Cash,182.14,9.107,5.1,Thursday,March,00:00.0,not Satisfied
544-32-5024,Giza,Naypyitaw,Member,Female,Food And Beverages,49.79,4,209.118,3/28/2019,7:16:00 PM,Credit Card,199.16,9.958,6.4,Thursday,March,00:00.0,not Satisfied
333-23-2632,Alex,Yangon,Member,Male,Health And Beauty,10.08,7,74.088,3/28/2019,8:14:00 PM,Cash,70.56,3.528,4.2,Thursday,March,00:00.0,not Satisfied
766-85-7061,Cairo,Mandalay,Member,Female,Health And Beauty,87.87,10,922.635,3/29/2019,10:25:00 AM,E-Wallet,878.7,43.935,5.1,Friday,March,00:00.0,not Satisfied
186-79-9562,Cairo,Mandalay,Normal,Male,Health And Beauty,71.77,7,527.5095,3/29/2019,2:06:00 PM,Cash,502.39,25.1195,8.9,Friday,March,00:00.0,Satisfied
291-21-5991,Cairo,Mandalay,Member,Male,Health And Beauty,61.29,5,321.7725,3/29/2019,2:28:00 PM,Cash,306.45,15.3225,7,Friday,March,00:00.0,Satisfied
727-75-6477,Giza,Naypyitaw,Normal,Male,Electronic Accessories,28.84,4,121.128,3/29/2019,2:44:00 PM,Cash,115.36,5.768,6.4,Friday,March,00:00.0,not Satisfied
425-85-2085,Cairo,Mandalay,Member,Male,Health And Beauty,54.86,5,288.015,3/29/2019,4:48:00 PM,E-Wallet,274.3,13.715,9.8,Friday,March,00:00.0,Satisfied
218-59-9410,Alex,Yangon,Member,Female,Home And Lifestyle,72.42,3,228.123,3/29/2019,4:54:00 PM,E-Wallet,217.26,10.863,8.2,Friday,March,00:00.0,Satisfied
267-62-7380,Giza,Naypyitaw,Member,Male,Electronic Accessories,82.34,10,864.57,3/29/2019,7:12:00 PM,E-Wallet,823.4,41.17,4.3,Friday,March,00:00.0,not Satisfied
361-85-2571,Alex,Yangon,Normal,Female,Sports And Travel,89.48,5,469.77,3/30/2019,10:18:00 AM,Cash,447.4,22.37,7.4,Saturday,March,00:00.0,Satisfied
291-55-6563,Alex,Yangon,Member,Female,Home And Lifestyle,34.42,6,216.846,3/30/2019,12:45:00 PM,E-Wallet,206.52,10.326,7.5,Saturday,March,00:00.0,Satisfied
115-38-7388,Giza,Naypyitaw,Member,Female,Fashion Accessories,10.18,8,85.512,3/30/2019,12:51:00 PM,Credit Card,81.44,4.072,9.5,Saturday,March,00:00.0,Satisfied
286-01-5402,Alex,Yangon,Normal,Female,Sports And Travel,40.23,7,295.6905,3/30/2019,1:22:00 PM,Cash,281.61,14.0805,9.6,Saturday,March,00:00.0,Satisfied
743-04-1105,Cairo,Mandalay,Member,Male,Health And Beauty,97.22,9,918.729,3/30/2019,2:43:00 PM,E-Wallet,874.98,43.749,6,Saturday,March,00:00.0,not Satisfied
778-89-7974,Giza,Naypyitaw,Normal,Male,Health And Beauty,70.21,6,442.323,3/30/2019,2:58:00 PM,Cash,421.26,21.063,7.4,Saturday,March,00:00.0,Satisfied
642-61-4706,Cairo,Mandalay,Member,Male,Food And Beverages,93.4,2,196.14,3/30/2019,4:34:00 PM,Cash,186.8,9.34,5.5,Saturday,March,00:00.0,not Satisfied
676-39-6028,Alex,Yangon,Member,Female,Electronic Accessories,64.44,5,338.31,3/30/2019,5:04:00 PM,Cash,322.2,16.11,6.6,Saturday,March,00:00.0,not Satisfied
731-59-7531,Cairo,Mandalay,Member,Male,Health And Beauty,72.57,8,609.588,3/30/2019,5:58:00 PM,Cash,580.56,29.028,4.6,Saturday,March,00:00.0,not Satisfied
131-15-8856,Giza,Naypyitaw,Member,Female,Food And Beverages,72.52,8,609.168,3/30/2019,7:26:00 PM,Credit Card,580.16,29.008,4,Saturday,March,00:00.0,not Satisfied
364-34-2972,Giza,Naypyitaw,Member,Male,Electronic Accessories,96.82,3,304.983,3/30/2019,8:37:00 PM,Cash,290.46,14.523,6.7,Saturday,March,00:00.0,not Satisfied
365-64-0515,Alex,Yangon,Member,Female,Electronic Accessories,46.95,5,246.4875,,10:25:00 AM,E-Wallet,234.75,11.7375,7.1,,,,Satisfied
373-73-7910,Alex,Yangon,Member,Female,Sports And Travel,86.31,7,634.3785,,10:37:00 AM,E-Wallet,604.17,30.2085,5.3,,,,not Satisfied
315-22-5665,Giza,Naypyitaw,Member,Female,Home And Lifestyle,73.56,10,772.38,,11:38:00 AM,E-Wallet,735.6,36.78,8,,,,Satisfied
692-92-5582,Cairo,Mandalay,Member,Female,Food And Beverages,54.84,3,172.746,,1:27:00 PM,Credit Card,164.52,8.226,5.9,,,,not Satisfied
355-53-5943,Alex,Yangon,Member,Female,Electronic Accessories,68.84,6,433.692,,2:36:00 PM,E-Wallet,413.04,20.652,5.8,,,,not Satisfied
299-46-1805,Cairo,Mandalay,Member,Female,Sports And Travel,93.72,6,590.436,,4:19:00 PM,Cash,562.32,28.116,4.5,,,,not Satisfied
252-56-2699,Alex,Yangon,Member,Female,Food And Beverages,43.19,10,453.495,,4:48:00 PM,E-Wallet,431.9,21.595,8.2,,,,Satisfied
529-56-3974,Cairo,Mandalay,Member,Female,Electronic Accessories,25.51,4,107.142,,5:03:00 PM,Cash,102.04,5.102,6.8,,,,not Satisfied
665-32-9167,Alex,Yangon,Member,Female,Health And Beauty,36.26,2,76.146,,5:15:00 PM,Credit Card,72.52,3.626,7.2,,,,Satisfied
351-62-0822,Cairo,Mandalay,Member,Female,Fashion Accessories,14.48,4,60.816,,6:07:00 PM,E-Wallet,57.92,2.896,4.5,,,,not Satisfied
699-14-3026,Giza,Naypyitaw,Member,Female,Electronic Accessories,85.39,7,627.6165,,6:30:00 PM,E-Wallet,597.73,29.8865,4.1,,,,not Satisfied
829-34-3910,Alex,Yangon,Member,Female,Health And Beauty,71.38,10,749.49,,7:21:00 PM,Cash,713.8,35.69,5.7,,,,not Satisfied
